Workbook

Sheet RFA
A1: FOLLOW DOCUMENTS - RFA / THEO DÕI HỒ SƠ - RFA | I1: Current Date Ngày hiện tại | J1: =TODAY() -> 46309
A2: SECTION ICT / HẠNG MỤC ICT
A4: TT | B4: Package | C4: System Hệ | D4: Keyword Từ khóa | E4: Document Reference No. Tham chiếu hồ sơ số | F4: Deadline to responde Thời hạn trả lời | G4: Subject | H4: Tiêu đề | I4: Status Tình trạng | J4: Processing Time Thời gian xử lý | K4: Delay Chậm trễ | L4: Withdraw or Change (X) See notes Thu hồi hoặc Thay đổi (X) Xem ghi chú | M4: Documents Submission Hồ sơ đệ trình | O4: JCJV's Response Phản hồi của JCJV | Q4: Employer's Response Phản hồi của Chủ đầu tư | S4: Documents Submission Hồ sơ đệ trình | V4: JCJV's Response Phản hồi của JCJV | Y4: Employer's Response Phản hồi của Chủ đầu tư | AA4: Vietur Resubmission Status Tình trạng đệ trình lại hồ sơ | AE4: Notes Ghi chú
M5: Official Chính thức | N5: Internal Nội bộ | O5: Official Chính thức | P5: Internal Nội bộ | Q5: Official Chính thức | R5: Status Trạng thái | S5: Sub. Date (Soft copy) Ngày đệ trình (bản mềm) | T5: Sub. Date (by Email) Ngày đệ trình (bằng Email) | U5: Sub. Date (Hard copy) Ngày đệ trình (bản cứng) | V5: Response Date Ngày phản hồi | W5: Submit Date Ngày phát hành | X5: Signed by Đã ký bởi | Y5: Response Date Ngày phản hồi (by Email) | Z5: Submit Date (Hard copy) Ngày phát hành (bản cứng) | AA5: Deadline to resubmit Hạn chót đệ trình lại | AB5: Actual resubmission Date Ngày đệ trình thực tế | AC5: Resubmission Status Assessment Đánh giá tình trạng đệ trình lại | AD5: Delayed Days Ngày chậm trễ | AG5: Base Reference Tham chiếu cơ sở | AH5: Latest Revision Phiên bản cuối | AI5: Need Submisson Cần đệ trình lại
A7: =A6+1 -> 1 | B7: =MID(E7, FIND("-", E7) + 1, 4) -> 5.10 | C7: FAS | D7: MAS | E7: LTIA-5.10-VIETUR-70000-RFA-MAS-0088 | F7: =IF($U7=0,$T7+22,$U7+21) -> 45308 | G7: Request for approval material cable fire resistant shield for fire alarm system (Belden) | H7: Đề nghị phê duyệt vật liệu cáp chống cháy cho hệ thống báo cháy (Belden) | I7: C | J7: =MAX(0, IF(ISBLANK($W7), _xlfn.DAYS($J$1,$U7), _xlfn.DAYS($W7,$U7))) -> 15 | K7: =IF(($J7-21)>0,$J7-21,0) -> 0 | M7: Link | N7: Link | O7: Link | P7: Link | Q7: Link | R7: C | S7: 45287 | T7: 45287 | U7: 45287 | V7: 45293 | W7: 45302 | X7: Mr Phong + Shimada | Y7: 45308 | Z7: 45309 | AA7: =IF(AND($R7="",$I7=""),"",IF(OR($R7="B",$R7="C"),IF($Z7<>"",$Z7+7,IF($Y7<>"",$Y7+8,"")),IF($R7="",IF(OR($I7="B",$I7="C"),IF($W7<>"",$W7+7,IF($V7<>"",$V7+8,""))),""))) -> 45316 | AB7: 45426 | AC7: =IF(OR($R7="B",$R7="C"),IF($AA7="","",IF($AB7="",IF($AA7>=$J$1,"In progress","Not submit yet"),IF($AA7>=$AB7,"Timely Response","Late Resubmission"))),"") -> Late Resubmission | AD7: =IF(AC7="Late Resubmission",IF(AB7="","",AB7-AA7),IF(AC7="Not submit yet",IF(AA7="","",$J$1-AA7),"")) -> 110 | AG7: =IF(AND(RIGHT($E7,1)>="A",RIGHT($E7,1)<="Z"),LEFT($E7,LEN($E7)-1),$E7) -> LTIA-5.10-VIETUR-70000-RFA-MAS-0088 | AH7: {=$E7=_xlfn.XLOOKUP( AG7, _xlfn._xlws.FILTER($AG$7:$AG$4572,$L$7:$L$4572<>"X"), _xlfn._xlws.FILTER($E$7:$E$4572,$L$7:$L$4572<>"X"), "", 0, -1 )} -> FALSE | AI7: =IF($AH7,IF(OR($R7="B",$R7="C"),"YES",IF($R7="",IF(OR($I7="B",$I7="C"),"YES",""),"")),"")
A8: =A7+1 -> 2 | B8: =MID(E8, FIND("-", E8) + 1, 4) -> 5.10 | C8: FAS | D8: MAS | E8: LTIA-5.10-VIETUR-70000-RFA-MAS-0093 | F8: =IF($U8=0,$T8+22,$U8+21) -> 45309 | G8: Request for approval of conduit and accessories for fire alarm system (Cat Van Loi) | H8: Đề nghị phê duyệt vật liệu ống thép luồn dây và phụ kiện cho hệ thống báo cháy (Cát Vạn Lợi) | I8: A | J8: =MAX(0, IF(ISBLANK($W8), _xlfn.DAYS($J$1,$U8), _xlfn.DAYS($W8,$U8))) -> 5 | K8: =IF(($J8-21)>0,$J8-21,0) -> 0 | M8: Link | N8: Link | O8: Link | P8: Link | Q8: Link | R8: A | S8: 45288 | T8: 45288 | U8: 45288 | V8: 45655 | W8: 45293 | X8: Mr Hưởng + Phong | Y8: 45299 | Z8: 45299 | AA8: =IF(AND($R8="",$I8=""),"",IF(OR($R8="B",$R8="C"),IF($Z8<>"",$Z8+7,IF($Y8<>"",$Y8+8,"")),IF($R8="",IF(OR($I8="B",$I8="C"),IF($W8<>"",$W8+7,IF($V8<>"",$V8+8,""))),""))) | AC8: =IF(OR($R8="B",$R8="C"),IF($AA8="","",IF($AB8="",IF($AA8>=$J$1,"In progress","Not submit yet"),IF($AA8>=$AB8,"Timely Response","Late Resubmission"))),"") | AD8: =IF(AC8="Late Resubmission",IF(AB8="","",AB8-AA8),IF(AC8="Not submit yet",IF(AA8="","",$J$1-AA8),"")) | AG8: =IF(AND(RIGHT($E8,1)>="A",RIGHT($E8,1)<="Z"),LEFT($E8,LEN($E8)-1),$E8) -> LTIA-5.10-VIETUR-70000-RFA-MAS-0093 | AH8: {=$E8=_xlfn.XLOOKUP( AG8, _xlfn._xlws.FILTER($AG$7:$AG$4572,$L$7:$L$4572<>"X"), _xlfn._xlws.FILTER($E$7:$E$4572,$L$7:$L$4572<>"X"), "", 0, -1 )} -> TRUE | AI8: =IF($AH8,IF(OR($R8="B",$R8="C"),"YES",IF($R8="",IF(OR($I8="B",$I8="C"),"YES",""),"")),"")
A9: =A8+1 -> 3 | B9: =MID(E9, FIND("-", E9) + 1, 4) -> 5.10 | C9: SCS | D9: MAS | E9: LTIA-5.10-VIETUR-70000-RFA-MAS-0116 | F9: =IF($U9=0,$T9+22,$U9+21) -> 45320 | G9: Request for approval of Material for Cable Tray & Accessories - Hai Nam | H9: Đề nghị phê duyệt vật tư cho Máng cáp & Phụ Kiện - Hải Nam | I9: A | J9: =MAX(0, IF(ISBLANK($W9), _xlfn.DAYS($J$1,$U9), _xlfn.DAYS($W9,$U9))) -> 16 | K9: =IF(($J9-21)>0,$J9-21,0) -> 0 | M9: Link | N9: Link | O9: Link | P9: Link | Q9: Link | R9: A | S9: 45299 | T9: 45299 | U9: 45299 | V9: 45303 | W9: 45315 | X9: Mr Phong + Tiệp | Y9: 45317 | Z9: 45317 | AA9: =IF(AND($R9="",$I9=""),"",IF(OR($R9="B",$R9="C"),IF($Z9<>"",$Z9+7,IF($Y9<>"",$Y9+8,"")),IF($R9="",IF(OR($I9="B",$I9="C"),IF($W9<>"",$W9+7,IF($V9<>"",$V9+8,""))),""))) | AC9: =IF(OR($R9="B",$R9="C"),IF($AA9="","",IF($AB9="",IF($AA9>=$J$1,"In progress","Not submit yet"),IF($AA9>=$AB9,"Timely Response","Late Resubmission"))),"") | AD9: =IF(AC9="Late Resubmission",IF(AB9="","",AB9-AA9),IF(AC9="Not submit yet",IF(AA9="","",$J$1-AA9),"")) | AG9: =IF(AND(RIGHT($E9,1)>="A",RIGHT($E9,1)<="Z"),LEFT($E9,LEN($E9)-1),$E9) -> LTIA-5.10-VIETUR-70000-RFA-MAS-0116 | AH9: {=$E9=_xlfn.XLOOKUP( AG9, _xlfn._xlws.FILTER($AG$7:$AG$4572,$L$7:$L$4572<>"X"), _xlfn._xlws.FILTER($E$7:$E$4572,$L$7:$L$4572<>"X"), "", 0, -1 )} -> TRUE | AI9: =IF($AH9,IF(OR($R9="B",$R9="C"),"YES",IF($R9="",IF(OR($I9="B",$I9="C"),"YES",""),"")),"")
A10: =A9+1 -> 4 | B10: =MID(E10, FIND("-", E10) + 1, 4) -> 5.10 | C10: SCS | D10: MAS | E10: LTIA-5.10-VIETUR-70000-RFA-MAS-0158 | F10: =IF($U10=0,$T10+22,$U10+21) -> 45337 | G10: Request for approval of ICT cable - ELV System | H10: Đề nghị phê duyệt vật tư cáp điện nhẹ - Hệ thống điện nhẹ | I10: C | J10: =MAX(0, IF(ISBLANK($W10), _xlfn.DAYS($J$1,$U10), _xlfn.DAYS($W10,$U10))) -> 11 | K10: =IF(($J10-21)>0,$J10-21,0) -> 0 | M10: Link | N10: Link | O10: Link | P10: Link | Q10: Link | R10: C | S10: 45315 | T10: 45315 | U10: 45316 | V10: 45322 | W10: 45327 | X10: Mr Hưởng + Tiệp | Y10: 45329 | Z10: 45329 | AA10: =IF(AND($R10="",$I10=""),"",IF(OR($R10="B",$R10="C"),IF($Z10<>"",$Z10+7,IF($Y10<>"",$Y10+8,"")),IF($R10="",IF(OR($I10="B",$I10="C"),IF($W10<>"",$W10+7,IF($V10<>"",$V10+8,""))),""))) -> 45336 | AB10: 45525 | AC10: =IF(OR($R10="B",$R10="C"),IF($AA10="","",IF($AB10="",IF($AA10>=$J$1,"In progress","Not submit yet"),IF($AA10>=$AB10,"Timely Response","Late Resubmission"))),"") -> Late Resubmission | AD10: =IF(AC10="Late Resubmission",IF(AB10="","",AB10-AA10),IF(AC10="Not submit yet",IF(AA10="","",$J$1-AA10),"")) -> 189 | AG10: =IF(AND(RIGHT($E10,1)>="A",RIGHT($E10,1)<="Z"),LEFT($E10,LEN($E10)-1),$E10) -> LTIA-5.10-VIETUR-70000-RFA-MAS-0158 | AH10: {=$E10=_xlfn.XLOOKUP( AG10, _xlfn._xlws.FILTER($AG$7:$AG$4572,$L$7:$L$4572<>"X"), _xlfn._xlws.FILTER($E$7:$E$4572,$L$7:$L$4572<>"X"), "", 0, -1 )} -> FALSE | AI10: =IF($AH10,IF(OR($R10="B",$R10="C"),"YES",IF($R10="",IF(OR($I10="B",$I10="C"),"YES",""),"")),"")
A11: =A10+1 -> 5 | B11: =MID(E11, FIND("-", E11) + 1, 4) -> 5.10 | C11: FAS | D11: MSS | E11: LTIA-5.10-VIETUR-72160-RFA-MSS-0082 | F11: =IF($U11=0,$T11+22,$U11+21) -> 45411 | G11: Request for approval for method statement of fire alarm system installation | H11: Đề nghị phê duyệt thuyết minh biện pháp thi công hệ thống báo cháy | I11: B | J11: =MAX(0, IF(ISBLANK($W11), _xlfn.DAYS($J$1,$U11), _xlfn.DAYS($W11,$U11))) -> 8 | K11: =IF(($J11-21)>0,$J11-21,0) -> 0 | M11: Link | N11: Link | O11: Link | P11: Link | Q11: Link | R11: B | S11: 45387 | T11: 45387 | U11: 45390 | V11: 45398 | W11: 45398 | X11: Mr Phụng + Phong | Y11: 45441 | Z11: 45442 | AA11: =IF(AND($R11="",$I11=""),"",IF(OR($R11="B",$R11="C"),IF($Z11<>"",$Z11+7,IF($Y11<>"",$Y11+8,"")),IF($R11="",IF(OR($I11="B",$I11="C"),IF($W11<>"",$W11+7,IF($V11<>"",$V11+8,""))),""))) -> 45449 | AB11: 45492 | AC11: =IF(OR($R11="B",$R11="C"),IF($AA11="","",IF($AB11="",IF($AA11>=$J$1,"In progress","Not submit yet"),IF($AA11>=$AB11,"Timely Response","Late Resubmission"))),"") -> Late Resubmission | AD11: =IF(AC11="Late Resubmission",IF(AB11="","",AB11-AA11),IF(AC11="Not submit yet",IF(AA11="","",$J$1-AA11),"")) -> 43 | AG11: =IF(AND(RIGHT($E11,1)>="A",RIGHT($E11,1)<="Z"),LEFT($E11,LEN($E11)-1),$E11) -> LTIA-5.10-VIETUR-72160-RFA-MSS-0082 | AH11: {=$E11=_xlfn.XLOOKUP( AG11, _xlfn._xlws.FILTER($AG$7:$AG$4572,$L$7:$L$4572<>"X"), _xlfn._xlws.FILTER($E$7:$E$4572,$L$7:$L$4572<>"X"), "", 0, -1 )} -> FALSE | AI11: =IF($AH11,IF(OR($R11="B",$R11="C"),"YES",IF($R11="",IF(OR($I11="B",$I11="C"),"YES",""),"")),"")
A12: =A11+1 -> 6 | B12: =MID(E12, FIND("-", E12) + 1, 4) -> 5.10 | C12: FAS | D12: MAS | E12: LTIA-5.10-VIETUR-70000-RFA-MAS-0208 | F12: =IF($U12=0,$T12+22,$U12+21) -> 45414 | G12: Request for approval of fire alarm equipment for fire alarm system | H12: Đề nghị phê duyệt thiết bị báo cháy cho hệ thống báo cháy | I12: B | J12: =MAX(0, IF(ISBLANK($W12), _xlfn.DAYS($J$1,$U12), _xlfn.DAYS($W12,$U12))) -> 34 | K12: =IF(($J12-21)>0,$J12-21,0) -> 13 | M12: Link | N12: Link | O12: Link | P12: Link | Q12: Link | R12: B | S12: 45392 | T12: 45392 | U12: 45393 | V12: 45427 | W12: 45427 | X12: Mr Phong + Shimada | Y12: 45456 | Z12: 45456 | AA12: =IF(AND($R12="",$I12=""),"",IF(OR($R12="B",$R12="C"),IF($Z12<>"",$Z12+7,IF($Y12<>"",$Y12+8,"")),IF($R12="",IF(OR($I12="B",$I12="C"),IF($W12<>"",$W12+7,IF($V12<>"",$V12+8,""))),""))) -> 45463 | AB12: 45512 | AC12: =IF(OR($R12="B",$R12="C"),IF($AA12="","",IF($AB12="",IF($AA12>=$J$1,"In progress","Not submit yet"),IF($AA12>=$AB12,"Timely Response","Late Resubmission"))),"") -> Late Resubmission | AD12: =IF(AC12="Late Resubmission",IF(AB12="","",AB12-AA12),IF(AC12="Not submit yet",IF(AA12="","",$J$1-AA12),"")) -> 49 | AG12: =IF(AND(RIGHT($E12,1)>="A",RIGHT($E12,1)<="Z"),LEFT($E12,LEN($E12)-1),$E12) -> LTIA-5.10-VIETUR-70000-RFA-MAS-0208 | AH12: {=$E12=_xlfn.XLOOKUP( AG12, _xlfn._xlws.FILTER($AG$7:$AG$4572,$L$7:$L$4572<>"X"), _xlfn._xlws.FILTER($E$7:$E$4572,$L$7:$L$4572<>"X"), "", 0, -1 )} -> FALSE | AI12: =IF($AH12,IF(OR($R12="B",$R12="C"),"YES",IF($R12="",IF(OR($I12="B",$I12="C"),"YES",""),"")),"")
A13: =A12+1 -> 7 | B13: =MID(E13, FIND("-", E13) + 1, 4) -> 5.10 | C13: MCS | D13: MAS | E13: LTIA-5.10-VIETUR-70000-RFA-MAS-0219 | F13: =IF($U13=0,$T13+22,$U13+21) -> 45419 | G13: Request for approval of list material and equipment for master clock system | H13: Đề nghị phê duyệt danh mục vật tư và thiết bị cho hệ thống đồng hồ chủ | I13: B | J13: =MAX(0, IF(ISBLANK($W13), _xlfn.DAYS($J$1,$U13), _xlfn.DAYS($W13,$U13))) -> 22 | K13: =IF(($J13-21)>0,$J13-21,0) -> 1 | M13: Link | N13: Link | O13: Link | P13: Link | Q13: Link | R13: B | S13: 45398 | T13: 45398 | U13: 45398 | V13: 45420 | W13: 45420 | X13: Mr Phong + Shimada | Y13: 45440 | Z13: 45441 | AA13: =IF(AND($R13="",$I13=""),"",IF(OR($R13="B",$R13="C"),IF($Z13<>"",$Z13+7,IF($Y13<>"",$Y13+8,"")),IF($R13="",IF(OR($I13="B",$I13="C"),IF($W13<>"",$W13+7,IF($V13<>"",$V13+8,""))),""))) -> 45448 | AB13: 45457 | AC13: =IF(OR($R13="B",$R13="C"),IF($AA13="","",IF($AB13="",IF($AA13>=$J$1,"In progress","Not submit yet"),IF($AA13>=$AB13,"Timely Response","Late Resubmission"))),"") -> Late Resubmission | AD13: =IF(AC13="Late Resubmission",IF(AB13="","",AB13-AA13),IF(AC13="Not submit yet",IF(AA13="","",$J$1-AA13),"")) -> 9 | AG13: =IF(AND(RIGHT($E13,1)>="A",RIGHT($E13,1)<="Z"),LEFT($E13,LEN($E13)-1),$E13) -> LTIA-5.10-VIETUR-70000-RFA-MAS-0219 | AH13: {=$E13=_xlfn.XLOOKUP( AG13, _xlfn._xlws.FILTER($AG$7:$AG$4572,$L$7:$L$4572<>"X"), _xlfn._xlws.FILTER($E$7:$E$4572,$L$7:$L$4572<>"X"), "", 0, -1 )} -> FALSE | AI13: =IF($AH13,IF(OR($R13="B",$R13="C"),"YES",IF($R13="",IF(OR($I13="B",$I13="C"),"YES",""),"")),"")
A14: =A13+1 -> 8 | B14: =MID(E14, FIND("-", E14) + 1, 4) -> 5.10 | C14: FAS | D14: MAS | E14: LTIA-5.10-VIETUR-70000-RFA-MAS-0088A | F14: =IF($U14=0,$T14+22,$U14+21) -> 45447 | G14: Request for approval material cable fire resistant shield for fire alarm system (Belden) | H14: Đề nghị phê duyệt vật liệu cáp chống cháy cho hệ thống báo cháy (Belden) | I14: C | J14: =MAX(0, IF(ISBLANK($W14), _xlfn.DAYS($J$1,$U14), _xlfn.DAYS($W14,$U14))) -> 29 | K14: =IF(($J14-21)>0,$J14-21,0) -> 8 | M14: Link | N14: Link | O14: Link | P14: Link | Q14: Link | R14: C | S14: 45426 | T14: 45426 | U14: 45426 | V14: 45454 | W14: 45455 | X14: Mr Phong + Shimada | Y14: 45456 | Z14: 45456 | AA14: =IF(AND($R14="",$I14=""),"",IF(OR($R14="B",$R14="C"),IF($Z14<>"",$Z14+7,IF($Y14<>"",$Y14+8,"")),IF($R14="",IF(OR($I14="B",$I14="C"),IF($W14<>"",$W14+7,IF($V14<>"",$V14+8,""))),""))) -> 45463 | AC14: =IF(OR($R14="B",$R14="C"),IF($AA14="","",IF($AB14="",IF($AA14>=$J$1,"In progress","Not submit yet"),IF($AA14>=$AB14,"Timely Response","Late Resubmission"))),"") -> Not submit yet | AD14: =IF(AC14="Late Resubmission",IF(AB14="","",AB14-AA14),IF(AC14="Not submit yet",IF(AA14="","",$J$1-AA14),"")) -> 846 | AG14: =IF(AND(RIGHT($E14,1)>="A",RIGHT($E14,1)<="Z"),LEFT($E14,LEN($E14)-1),$E14) -> LTIA-5.10-VIETUR-70000-RFA-MAS-0088 | AH14: {=$E14=_xlfn.XLOOKUP( AG14, _xlfn._xlws.FILTER($AG$7:$AG$4572,$L$7:$L$4572<>"X"), _xlfn._xlws.FILTER($E$7:$E$4572,$L$7:$L$4572<>"X"), "", 0, -1 )} -> TRUE | AI14: =IF($AH14,IF(OR($R14="B",$R14="C"),"YES",IF($R14="",IF(OR($I14="B",$I14="C"),"YES",""),"")),"") -> YES
A15: =A14+1 -> 9 | B15: =MID(E15, FIND("-", E15) + 1, 4) -> 5.10 | C15: FAS | D15: MAS | E15: LTIA-5.10-VIETUR-70000-RFA-MAS-0248 | F15: =IF($U15=0,$T15+22,$U15+21) -> 45449 | G15: Request for approval material for accessories of GI conduit (EMT) for fire alarm system (Cat Van Loi) | H15: Đề nghị phê duyệt vật tư về phụ kiện của ống thép GI luồn dây (EMT) cho hệ thống báo cháy (Cat Van Loi) | I15: C | J15: =MAX(0, IF(ISBLANK($W15), _xlfn.DAYS($J$1,$U15), _xlfn.DAYS($W15,$U15))) -> 20 | K15: =IF(($J15-21)>0,$J15-21,0) -> 0 | M15: Link | N15: Link | O15: Link | P15: Link | Q15: Link | R15: C | S15: 45428 | T15: 45428 | U15: 45428 | V15: 45447 | W15: 45448 | X15: Mr Hưởng + Shimada | Y15: 45488 | Z15: 45491 | AA15: =IF(AND($R15="",$I15=""),"",IF(OR($R15="B",$R15="C"),IF($Z15<>"",$Z15+7,IF($Y15<>"",$Y15+8,"")),IF($R15="",IF(OR($I15="B",$I15="C"),IF($W15<>"",$W15+7,IF($V15<>"",$V15+8,""))),""))) -> 45498 | AC15: =IF(OR($R15="B",$R15="C"),IF($AA15="","",IF($AB15="",IF($AA15>=$J$1,"In progress","Not submit yet"),IF($AA15>=$AB15,"Timely Response","Late Resubmission"))),"") -> Not submit yet | AD15: =IF(AC15="Late Resubmission",IF(AB15="","",AB15-AA15),IF(AC15="Not submit yet",IF(AA15="","",$J$1-AA15),"")) -> 811 | AG15: =IF(AND(RIGHT($E15,1)>="A",RIGHT($E15,1)<="Z"),LEFT($E15,LEN($E15)-1),$E15) -> LTIA-5.10-VIETUR-70000-RFA-MAS-0248 | AH15: {=$E15=_xlfn.XLOOKUP( AG15, _xlfn._xlws.FILTER($AG$7:$AG$4572,$L$7:$L$4572<>"X"), _xlfn._xlws.FILTER($E$7:$E$4572,$L$7:$L$4572<>"X"), "", 0, -1 )} -> TRUE | AI15: =IF($AH15,IF(OR($R15="B",$R15="C"),"YES",IF($R15="",IF(OR($I15="B",$I15="C"),"YES",""),"")),"") -> YES
A16: =A15+1 -> 10 | B16: =MID(E16, FIND("-", E16) + 1, 4) -> 5.10 | C16: SCS | D16: MAS | E16: LTIA-5.10-VIETUR-70000-RFA-MAS-0258 | F16: =IF($U16=0,$T16+22,$U16+21) -> 45460 | G16: Request for approval Material of structured cabling system (SCS) | H16: Đề nghị phê duyệt vật tư hệ thống cấu trúc mạng | I16: C | J16: =MAX(0, IF(ISBLANK($W16), _xlfn.DAYS($J$1,$U16), _xlfn.DAYS($W16,$U16))) -> 16 | K16: =IF(($J16-21)>0,$J16-21,0) -> 0 | M16: Link | N16: Link | O16: Link | P16: Link | Q16: Link | R16: C | S16: 45437 | T16: 45437 | U16: 45439 | V16: 45455 | W16: 45455 | X16: Mr Phong + Shimada | Y16: 45460 | Z16: 45461 | AA16: =IF(AND($R16="",$I16=""),"",IF(OR($R16="B",$R16="C"),IF($Z16<>"",$Z16+7,IF($Y16<>"",$Y16+8,"")),IF($R16="",IF(OR($I16="B",$I16="C"),IF($W16<>"",$W16+7,IF($V16<>"",$V16+8,""))),""))) -> 45468 | AB16: 45553 | AC16: =IF(OR($R16="B",$R16="C"),IF($AA16="","",IF($AB16="",IF($AA16>=$J$1,"In progress","Not submit yet"),IF($AA16>=$AB16,"Timely Response","Late Resubmission"))),"") -> Late Resubmission | AD16: =IF(AC16="Late Resubmission",IF(AB16="","",AB16-AA16),IF(AC16="Not submit yet",IF(AA16="","",$J$1-AA16),"")) -> 85 | AG16: =IF(AND(RIGHT($E16,1)>="A",RIGHT($E16,1)<="Z"),LEFT($E16,LEN($E16)-1),$E16) -> LTIA-5.10-VIETUR-70000-RFA-MAS-0258 | AH16: {=$E16=_xlfn.XLOOKUP( AG16, _xlfn._xlws.FILTER($AG$7:$AG$4572,$L$7:$L$4572<>"X"), _xlfn._xlws.FILTER($E$7:$E$4572,$L$7:$L$4572<>"X"), "", 0, -1 )} -> FALSE | AI16: =IF($AH16,IF(OR($R16="B",$R16="C"),"YES",IF($R16="",IF(OR($I16="B",$I16="C"),"YES",""),"")),"")
A17: =A16+1 -> 11 | B17: =MID(E17, FIND("-", E17) + 1, 4) -> 5.10 | C17: FAS | D17: MAS | E17: LTIA-5.10-VIETUR-70000-RFA-MAS-0265 | F17: =IF($U17=0,$T17+22,$U17+21) -> 45467 | G17: Request for approval of conduit and accessories for fire fighting alarm system Hung Phat brand | H17: Đề nghị phê duyệt vật tư ống thép luồn dây và phụ kiện cho hệ thống báo cháy nhãn hiệu Hưng Phát | I17: A | J17: =MAX(0, IF(ISBLANK($W17), _xlfn.DAYS($J$1,$U17), _xlfn.DAYS($W17,$U17))) -> 9 | K17: =IF(($J17-21)>0,$J17-21,0) -> 0 | M17: Link | N17: Link | O17: Link | P17: Link | Q17: Link | R17: A | S17: 45446 | T17: 45446 | U17: 45446 | V17: 45455 | W17: 45455 | X17: Mr Phong + Shimada | Y17: 45464 | Z17: 45465 | AA17: =IF(AND($R17="",$I17=""),"",IF(OR($R17="B",$R17="C"),IF($Z17<>"",$Z17+7,IF($Y17<>"",$Y17+8,"")),IF($R17="",IF(OR($I17="B",$I17="C"),IF($W17<>"",$W17+7,IF($V17<>"",$V17+8,""))),""))) | AC17: =IF(OR($R17="B",$R17="C"),IF($AA17="","",IF($AB17="",IF($AA17>=$J$1,"In progress","Not submit yet"),IF($AA17>=$AB17,"Timely Response","Late Resubmission"))),"") | AD17: =IF(AC17="Late Resubmission",IF(AB17="","",AB17-AA17),IF(AC17="Not submit yet",IF(AA17="","",$J$1-AA17),"")) | AG17: =IF(AND(RIGHT($E17,1)>="A",RIGHT($E17,1)<="Z"),LEFT($E17,LEN($E17)-1),$E17) -> LTIA-5.10-VIETUR-70000-RFA-MAS-0265 | AH17: {=$E17=_xlfn.XLOOKUP( AG17, _xlfn._xlws.FILTER($AG$7:$AG$4572,$L$7:$L$4572<>"X"), _xlfn._xlws.FILTER($E$7:$E$4572,$L$7:$L$4572<>"X"), "", 0, -1 )} -> TRUE | AI17: =IF($AH17,IF(OR($R17="B",$R17="C"),"YES",IF($R17="",IF(OR($I17="B",$I17="C"),"YES",""),"")),"")
A18: =A17+1 -> 12 | B18: =MID(E18, FIND("-", E18) + 1, 4) -> 5.10 | C18: MCS | D18: MAS | E18: LTIA-5.10-VIETUR-70000-RFA-MAS-0219A | F18: =IF($U18=0,$T18+22,$U18+21) -> 45474 | G18: Request for approval of list material and equipment for master clock system | H18: Đề nghị phê duyệt danh mục vật tư và thiết bị cho hệ thống đồng hồ chủ | I18: A | J18: =MAX(0, IF(ISBLANK($W18), _xlfn.DAYS($J$1,$U18), _xlfn.DAYS($W18,$U18))) -> 15 | K18: =IF(($J18-21)>0,$J18-21,0) -> 0 | M18: Link | N18: Link | O18: Link | P18: Link | Q18: Link | R18: A | S18: 45450 | T18: 45450 | U18: 45453 | V18: 45467 | W18: 45468 | X18: Mr Phong + Shimada | Y18: 45469 | Z18: 45470 | AA18: =IF(AND($R18="",$I18=""),"",IF(OR($R18="B",$R18="C"),IF($Z18<>"",$Z18+7,IF($Y18<>"",$Y18+8,"")),IF($R18="",IF(OR($I18="B",$I18="C"),IF($W18<>"",$W18+7,IF($V18<>"",$V18+8,""))),""))) | AB18: 45973 | AC18: =IF(OR($R18="B",$R18="C"),IF($AA18="","",IF($AB18="",IF($AA18>=$J$1,"In progress","Not submit yet"),IF($AA18>=$AB18,"Timely Response","Late Resubmission"))),"") | AD18: =IF(AC18="Late Resubmission",IF(AB18="","",AB18-AA18),IF(AC18="Not submit yet",IF(AA18="","",$J$1-AA18),"")) | AG18: =IF(AND(RIGHT($E18,1)>="A",RIGHT($E18,1)<="Z"),LEFT($E18,LEN($E18)-1),$E18) -> LTIA-5.10-VIETUR-70000-RFA-MAS-0219 | AH18: {=$E18=_xlfn.XLOOKUP( AG18, _xlfn._xlws.FILTER($AG$7:$AG$4572,$L$7:$L$4572<>"X"), _xlfn._xlws.FILTER($E$7:$E$4572,$L$7:$L$4572<>"X"), "", 0, -1 )} -> FALSE | AI18: =IF($AH18,IF(OR($R18="B",$R18="C"),"YES",IF($R18="",IF(OR($I18="B",$I18="C"),"YES",""),"")),"")
A19: =A18+1 -> 13 | B19: =MID(E19, FIND("-", E19) + 1, 4) -> 5.10 | C19: IMM | D19: MAS | E19: LTIA-5.10-VIETUR-70000-RFA-MAS-0277 | F19: =IF($U19=0,$T19+22,$U19+21) -> 45475 | G19: Request for approval of equipment and accessories for Immigration system (IMM) | H19: Đề nghị phê duyệt thiết bị và phụ kiện cho hệ thống Công an cửa khẩu (IMM) | I19: B | J19: =MAX(0, IF(ISBLANK($W19), _xlfn.DAYS($J$1,$U19), _xlfn.DAYS($W19,$U19))) -> 24 | K19: =IF(($J19-21)>0,$J19-21,0) -> 3 | M19: Link | N19: Link | O19: Link | P19: Link | Q19: Link | R19: B | S19: 45454 | T19: 45454 | U19: 45454 | V19: 45471 | W19: 45478 | X19: Mr Phong + Shimada | Y19: 45632 | Z19: 45635 | AA19: =IF(AND($R19="",$I19=""),"",IF(OR($R19="B",$R19="C"),IF($Z19<>"",$Z19+7,IF($Y19<>"",$Y19+8,"")),IF($R19="",IF(OR($I19="B",$I19="C"),IF($W19<>"",$W19+7,IF($V19<>"",$V19+8,""))),""))) -> 45642 | AB19: 45883 | AC19: =IF(OR($R19="B",$R19="C"),IF($AA19="","",IF($AB19="",IF($AA19>=$J$1,"In progress","Not submit yet"),IF($AA19>=$AB19,"Timely Response","Late Resubmission"))),"") -> Late Resubmission | AD19: =IF(AC19="Late Resubmission",IF(AB19="","",AB19-AA19),IF(AC19="Not submit yet",IF(AA19="","",$J$1-AA19),"")) -> 241 | AG19: =IF(AND(RIGHT($E19,1)>="A",RIGHT($E19,1)<="Z"),LEFT($E19,LEN($E19)-1),$E19) -> LTIA-5.10-VIETUR-70000-RFA-MAS-0277 | AH19: {=$E19=_xlfn.XLOOKUP( AG19, _xlfn._xlws.FILTER($AG$7:$AG$4572,$L$7:$L$4572<>"X"), _xlfn._xlws.FILTER($E$7:$E$4572,$L$7:$L$4572<>"X"), "", 0, -1 )} -> FALSE | AI19: =IF($AH19,IF(OR($R19="B",$R19="C"),"YES",IF($R19="",IF(OR($I19="B",$I19="C"),"YES",""),"")),"")
A20: =A19+1 -> 14 | B20: =MID(E20, FIND("-", E20) + 1, 4) -> 5.10 | C20: SCS | D20: MAS | E20: LTIA-5.10-VIETUR-70000-RFA-MAS-0271 | F20: =IF($U20=0,$T20+22,$U20+21) -> 45478 | G20: Request for approval of ICT cable of Item PMR, PAS & IMM - ELV system | H20: Đề nghị phê duyệt vật tư cáp điện nhẹ của hạng mục PMR, PAS và IMM - Hệ thống điện nhẹ | I20: A | J20: =MAX(0, IF(ISBLANK($W20), _xlfn.DAYS($J$1,$U20), _xlfn.DAYS($W20,$U20))) -> 10 | K20: =IF(($J20-21)>0,$J20-21,0) -> 0 | M20: Link | N20: Link | O20: Link | P20: Link | Q20: Link | R20: A | S20: 45457 | T20: 45457 | U20: 45457 | V20: 45463 | W20: 45467 | X20: Mr Phong + Shimada | Y20: 45469 | Z20: 45470 | AA20: =IF(AND($R20="",$I20=""),"",IF(OR($R20="B",$R20="C"),IF($Z20<>"",$Z20+7,IF($Y20<>"",$Y20+8,"")),IF($R20="",IF(OR($I20="B",$I20="C"),IF($W20<>"",$W20+7,IF($V20<>"",$V20+8,""))),""))) | AC20: =IF(OR($R20="B",$R20="C"),IF($AA20="","",IF($AB20="",IF($AA20>=$J$1,"In progress","Not submit yet"),IF($AA20>=$AB20,"Timely Response","Late Resubmission"))),"") | AD20: =IF(AC20="Late Resubmission",IF(AB20="","",AB20-AA20),IF(AC20="Not submit yet",IF(AA20="","",$J$1-AA20),"")) | AG20: =IF(AND(RIGHT($E20,1)>="A",RIGHT($E20,1)<="Z"),LEFT($E20,LEN($E20)-1),$E20) -> LTIA-5.10-VIETUR-70000-RFA-MAS-0271 | AH20: {=$E20=_xlfn.XLOOKUP( AG20, _xlfn._xlws.FILTER($AG$7:$AG$4572,$L$7:$L$4572<>"X"), _xlfn._xlws.FILTER($E$7:$E$4572,$L$7:$L$4572<>"X"), "", 0, -1 )} -> TRUE | AI20: =IF($AH20,IF(OR($R20="B",$R20="C"),"YES",IF($R20="",IF(OR($I20="B",$I20="C"),"YES",""),"")),"")
A21: =A20+1 -> 15 | B21: =MID(E21, FIND("-", E21) + 1, 4) -> 5.10 | C21: ACS | D21: MAS | E21: LTIA-5.10-VIETUR-70000-RFA-MAS-0305 | F21: =IF($U21=0,$T21+22,$U21+21) -> 45492 | G21: Request for approval Materials of Access Control System (ACS) | H21: Đề nghị phê duyệt vật tư hệ thống kiểm soát cửa ra vào | I21: C | J21: =MAX(0, IF(ISBLANK($W21), _xlfn.DAYS($J$1,$U21), _xlfn.DAYS($W21,$U21))) -> 33 | K21: =IF(($J21-21)>0,$J21-21,0) -> 12 | M21: Link | N21: Link | O21: Link | P21: Link | Q21: Link | R21: C | S21: 45471 | T21: 45471 | U21: 45471 | V21: 45484 | W21: 45504 | X21: Mr Phong + Shimada + Kuroda | Y21: 45524 | Z21: 45525 | AA21: =IF(AND($R21="",$I21=""),"",IF(OR($R21="B",$R21="C"),IF($Z21<>"",$Z21+7,IF($Y21<>"",$Y21+8,"")),IF($R21="",IF(OR($I21="B",$I21="C"),IF($W21<>"",$W21+7,IF($V21<>"",$V21+8,""))),""))) -> 45532 | AB21: 45562 | AC21: =IF(OR($R21="B",$R21="C"),IF($AA21="","",IF($AB21="",IF($AA21>=$J$1,"In progress","Not submit yet"),IF($AA21>=$AB21,"Timely Response","Late Resubmission"))),"") -> Late Resubmission | AD21: =IF(AC21="Late Resubmission",IF(AB21="","",AB21-AA21),IF(AC21="Not submit yet",IF(AA21="","",$J$1-AA21),"")) -> 30 | AG21: =IF(AND(RIGHT($E21,1)>="A",RIGHT($E21,1)<="Z"),LEFT($E21,LEN($E21)-1),$E21) -> LTIA-5.10-VIETUR-70000-RFA-MAS-0305 | AH21: {=$E21=_xlfn.XLOOKUP( AG21, _xlfn._xlws.FILTER($AG$7:$AG$4572,$L$7:$L$4572<>"X"), _xlfn._xlws.FILTER($E$7:$E$4572,$L$7:$L$4572<>"X"), "", 0, -1 )} -> FALSE | AI21: =IF($AH21,IF(OR($R21="B",$R21="C"),"YES",IF($R21="",IF(OR($I21="B",$I21="C"),"YES",""),"")),"")
A22: =A21+1 -> 16 | B22: =MID(E22, FIND("-", E22) + 1, 4) -> 5.10 | C22: PAS | D22: MAS | E22: LTIA-5.10-VIETUR-70000-RFA-MAS-0307 | F22: =IF($U22=0,$T22+22,$U22+21) -> 45497 | G22: Request for approval of equipment and all mounting accessories for Public address system (PAS) | H22: Yêu cầu phê duyệt thiết bị và tất cả các phụ kiện lắp đặt cho hệ thống âm thanh công cộng (PAS) | I22: C | J22: =MAX(0, IF(ISBLANK($W22), _xlfn.DAYS($J$1,$U22), _xlfn.DAYS($W22,$U22))) -> 22 | K22: =IF(($J22-21)>0,$J22-21,0) -> 1 | M22: Link | N22: Link | O22: Link | P22: Link | Q22: Link | R22: C | S22: 45476 | T22: 45476 | U22: 45476 | V22: 45491 | W22: 45498 | X22: Mr Phong + Kuroda | Y22: 45506 | Z22: 45511 | AA22: =IF(AND($R22="",$I22=""),"",IF(OR($R22="B",$R22="C"),IF($Z22<>"",$Z22+7,IF($Y22<>"",$Y22+8,"")),IF($R22="",IF(OR($I22="B",$I22="C"),IF($W22<>"",$W22+7,IF($V22<>"",$V22+8,""))),""))) -> 45518 | AB22: 45595 | AC22: =IF(OR($R22="B",$R22="C"),IF($AA22="","",IF($AB22="",IF($AA22>=$J$1,"In progress","Not submit yet"),IF($AA22>=$AB22,"Timely Response","Late Resubmission"))),"") -> Late Resubmission | AD22: =IF(AC22="Late Resubmission",IF(AB22="","",AB22-AA22),IF(AC22="Not submit yet",IF(AA22="","",$J$1-AA22),"")) -> 77 | AG22: =IF(AND(RIGHT($E22,1)>="A",RIGHT($E22,1)<="Z"),LEFT($E22,LEN($E22)-1),$E22) -> LTIA-5.10-VIETUR-70000-RFA-MAS-0307 | AH22: {=$E22=_xlfn.XLOOKUP( AG22, _xlfn._xlws.FILTER($AG$7:$AG$4572,$L$7:$L$4572<>"X"), _xlfn._xlws.FILTER($E$7:$E$4572,$L$7:$L$4572<>"X"), "", 0, -1 )} -> FALSE | AI22: =IF($AH22,IF(OR($R22="B",$R22="C"),"YES",IF($R22="",IF(OR($I22="B",$I22="C"),"YES",""),"")),"")
A23: =A22+1 -> 17 | B23: =MID(E23, FIND("-", E23) + 1, 4) -> 5.10 | C23: FAS | D23: MAS | E23: LTIA-5.10-VIETUR-72160-RFA-MSS-0082A | F23: =IF($U23=0,$T23+22,$U23+21) -> 45516 | G23: Request for approval for method statement of fire alarm system installation | H23: Đề nghị phê duyệt thuyết minh biện pháp thi công hệ thống báo cháy | I23: A | J23: =MAX(0, IF(ISBLANK($W23), _xlfn.DAYS($J$1,$U23), _xlfn.DAYS($W23,$U23))) -> 22 | K23: =IF(($J23-21)>0,$J23-21,0) -> 1 | M23: Link | N23: Link | O23: Link | P23: Link | Q23: Link | R23: A | S23: 45492 | T23: 45492 | U23: 45495 | V23: 45506 | W23: 45517 | X23: Mr Phong + Shimada | Y23: 45524 | Z23: 45492 | AA23: =IF(AND($R23="",$I23=""),"",IF(OR($R23="B",$R23="C"),IF($Z23<>"",$Z23+7,IF($Y23<>"",$Y23+8,"")),IF($R23="",IF(OR($I23="B",$I23="C"),IF($W23<>"",$W23+7,IF($V23<>"",$V23+8,""))),""))) | AC23: =IF(OR($R23="B",$R23="C"),IF($AA23="","",IF($AB23="",IF($AA23>=$J$1,"In progress","Not submit yet"),IF($AA23>=$AB23,"Timely Response","Late Resubmission"))),"") | AD23: =IF(AC23="Late Resubmission",IF(AB23="","",AB23-AA23),IF(AC23="Not submit yet",IF(AA23="","",$J$1-AA23),"")) | AG23: =IF(AND(RIGHT($E23,1)>="A",RIGHT($E23,1)<="Z"),LEFT($E23,LEN($E23)-1),$E23) -> LTIA-5.10-VIETUR-72160-RFA-MSS-0082 | AH23: {=$E23=_xlfn.XLOOKUP( AG23, _xlfn._xlws.FILTER($AG$7:$AG$4572,$L$7:$L$4572<>"X"), _xlfn._xlws.FILTER($E$7:$E$4572,$L$7:$L$4572<>"X"), "", 0, -1 )} -> TRUE | AI23: =IF($AH23,IF(OR($R23="B",$R23="C"),"YES",IF($R23="",IF(OR($I23="B",$I23="C"),"YES",""),"")),"")
A24: =A23+1 -> 18 | B24: =MID(E24, FIND("-", E24) + 1, 4) -> 5.10 | C24: FAS | D24: MAS | E24: LTIA-5.10-VIETUR-70000-RFA-MAS-0318 | F24: =IF($U24=0,$T24+22,$U24+21) -> 45518 | G24: Request for approval material cable fire resistant shield for fire alarm system (Norden) | H24: Đề nghị phê duyệt vật liệu cáp chống cháy cho hệ thống báo cháy (Norden) | I24: A | J24: =MAX(0, IF(ISBLANK($W24), _xlfn.DAYS($J$1,$U24), _xlfn.DAYS($W24,$U24))) -> 7 | K24: =IF(($J24-21)>0,$J24-21,0) -> 0 | L24: X | M24: Link | N24: Link | O24: Link | P24: Link | Q24: Link | R24: A | S24: 45496 | T24: 45496 | U24: 45497 | V24: 45503 | W24: 45504 | X24: Mr Phong + Shimada + Kuroda | Y24: 45516 | Z24: 45517 | AA24: =IF(AND($R24="",$I24=""),"",IF(OR($R24="B",$R24="C"),IF($Z24<>"",$Z24+7,IF($Y24<>"",$Y24+8,"")),IF($R24="",IF(OR($I24="B",$I24="C"),IF($W24<>"",$W24+7,IF($V24<>"",$V24+8,""))),""))) | AC24: =IF(OR($R24="B",$R24="C"),IF($AA24="","",IF($AB24="",IF($AA24>=$J$1,"In progress","Not submit yet"),IF($AA24>=$AB24,"Timely Response","Late Resubmission"))),"") | AD24: =IF(AC24="Late Resubmission",IF(AB24="","",AB24-AA24),IF(AC24="Not submit yet",IF(AA24="","",$J$1-AA24),"")) | AE24: 1/2/2025 Update => 0318A | AG24: =IF(AND(RIGHT($E24,1)>="A",RIGHT($E24,1)<="Z"),LEFT($E24,LEN($E24)-1),$E24) -> LTIA-5.10-VIETUR-70000-RFA-MAS-0318 | AH24: {=$E24=_xlfn.XLOOKUP( AG24, _xlfn._xlws.FILTER($AG$7:$AG$4572,$L$7:$L$4572<>"X"), _xlfn._xlws.FILTER($E$7:$E$4572,$L$7:$L$4572<>"X"), "", 0, -1 )} -> FALSE | AI24: =IF($AH24,IF(OR($R24="B",$R24="C"),"YES",IF($R24="",IF(OR($I24="B",$I24="C"),"YES",""),"")),"")
A25: =A24+1 -> 19 | B25: =MID(E25, FIND("-", E25) + 1, 4) -> 5.10 | C25: FAS | D25: MAS | E25: LTIA-5.10-VIETUR-70000-RFA-MAS-0320 | F25: =IF($U25=0,$T25+22,$U25+21) -> 45518 | G25: Request for approval for accessories of GI conduit and equipment mounting (Cat Van Loi) for fire alarm system | H25: Đề nghị phê duyệt vật tư về phụ kiện ống thép GI luồn dây và giá treo thiết bị (Cát Vạn Lợi) cho hệ thống báo cháy | I25: A | J25: =MAX(0, IF(ISBLANK($W25), _xlfn.DAYS($J$1,$U25), _xlfn.DAYS($W25,$U25))) -> 12 | K25: =IF(($J25-21)>0,$J25-21,0) -> 0 | M25: Link | N25: Link | O25: Link | P25: Link | Q25: Link | R25: A | S25: 45496 | T25: 45496 | U25: 45497 | V25: 45504 | W25: 45509 | X25: Mr Phong + Shimada | Y25: 45519 | Z25: 45520 | AA25: =IF(AND($R25="",$I25=""),"",IF(OR($R25="B",$R25="C"),IF($Z25<>"",$Z25+7,IF($Y25<>"",$Y25+8,"")),IF($R25="",IF(OR($I25="B",$I25="C"),IF($W25<>"",$W25+7,IF($V25<>"",$V25+8,""))),""))) | AC25: =IF(OR($R25="B",$R25="C"),IF($AA25="","",IF($AB25="",IF($AA25>=$J$1,"In progress","Not submit yet"),IF($AA25>=$AB25,"Timely Response","Late Resubmission"))),"") | AD25: =IF(AC25="Late Resubmission",IF(AB25="","",AB25-AA25),IF(AC25="Not submit yet",IF(AA25="","",$J$1-AA25),"")) | AG25: =IF(AND(RIGHT($E25,1)>="A",RIGHT($E25,1)<="Z"),LEFT($E25,LEN($E25)-1),$E25) -> LTIA-5.10-VIETUR-70000-RFA-MAS-0320 | AH25: {=$E25=_xlfn.XLOOKUP( AG25, _xlfn._xlws.FILTER($AG$7:$AG$4572,$L$7:$L$4572<>"X"), _xlfn._xlws.FILTER($E$7:$E$4572,$L$7:$L$4572<>"X"), "", 0, -1 )} -> TRUE | AI25: =IF($AH25,IF(OR($R25="B",$R25="C"),"YES",IF($R25="",IF(OR($I25="B",$I25="C"),"YES",""),"")),"")
A26: =A25+1 -> 20 | B26: =MID(E26, FIND("-", E26) + 1, 4) -> 5.10 | C26: FAS | D26: MAS | E26: LTIA-5.10-VIETUR-70000-RFA-MAS-0208A | F26: =IF($U26=0,$T26+22,$U26+21) -> 45533 | G26: Request for approval of fire alarm equipment for fire alarm system | H26: Đề nghị phê duyệt thiết bị báo cháy cho hệ thống báo cháy | I26: A | J26: =MAX(0, IF(ISBLANK($W26), _xlfn.DAYS($J$1,$U26), _xlfn.DAYS($W26,$U26))) -> 18 | K26: =IF(($J26-21)>0,$J26-21,0) -> 0 | M26: Link | N26: Link | O26: Link | P26: Link | Q26: Link | R26: A | S26: 45512 | T26: 45512 | U26: 45512 | V26: 45530 | W26: 45530 | X26: Mr Phong + Shimada | Y26: 45545 | Z26: 45546 | AA26: =IF(AND($R26="",$I26=""),"",IF(OR($R26="B",$R26="C"),IF($Z26<>"",$Z26+7,IF($Y26<>"",$Y26+8,"")),IF($R26="",IF(OR($I26="B",$I26="C"),IF($W26<>"",$W26+7,IF($V26<>"",$V26+8,""))),""))) | AC26: =IF(OR($R26="B",$R26="C"),IF($AA26="","",IF($AB26="",IF($AA26>=$J$1,"In progress","Not submit yet"),IF($AA26>=$AB26,"Timely Response","Late Resubmission"))),"") | AD26: =IF(AC26="Late Resubmission",IF(AB26="","",AB26-AA26),IF(AC26="Not submit yet",IF(AA26="","",$J$1-AA26),"")) | AG26: =IF(AND(RIGHT($E26,1)>="A",RIGHT($E26,1)<="Z"),LEFT($E26,LEN($E26)-1),$E26) -> LTIA-5.10-VIETUR-70000-RFA-MAS-0208 | AH26: {=$E26=_xlfn.XLOOKUP( AG26, _xlfn._xlws.FILTER($AG$7:$AG$4572,$L$7:$L$4572<>"X"), _xlfn._xlws.FILTER($E$7:$E$4572,$L$7:$L$4572<>"X"), "", 0, -1 )} -> TRUE | AI26: =IF($AH26,IF(OR($R26="B",$R26="C"),"YES",IF($R26="",IF(OR($I26="B",$I26="C"),"YES",""),"")),"")
A27: =A26+1 -> 21 | B27: =MID(E27, FIND("-", E27) + 1, 4) -> 5.10 | C27: MCS | D27: MSS | E27: LTIA-5.10-VIETUR-70000-RFA-MSS-0123 | F27: =IF($U27=0,$T27+22,$U27+21) -> 45540 | G27: Request for approval of installation methods master clock system | H27: Đề nghị phê duyệt biện pháp thi công lắp đặt hệ thống đồng hồ chủ | I27: B | J27: =MAX(0, IF(ISBLANK($W27), _xlfn.DAYS($J$1,$U27), _xlfn.DAYS($W27,$U27))) -> 15 | K27: =IF(($J27-21)>0,$J27-21,0) -> 0 | M27: Link | N27: Link | O27: Link | P27: Link | Q27: Link | R27: B | S27: 45518 | T27: 45518 | U27: 45519 | V27: 45533 | W27: 45534 | X27: Mr Cường + Shimada | Y27: 45548 | Z27: 45548 | AA27: =IF(AND($R27="",$I27=""),"",IF(OR($R27="B",$R27="C"),IF($Z27<>"",$Z27+7,IF($Y27<>"",$Y27+8,"")),IF($R27="",IF(OR($I27="B",$I27="C"),IF($W27<>"",$W27+7,IF($V27<>"",$V27+8,""))),""))) -> 45555 | AB27: 45581 | AC27: =IF(OR($R27="B",$R27="C"),IF($AA27="","",IF($AB27="",IF($AA27>=$J$1,"In progress","Not submit yet"),IF($AA27>=$AB27,"Timely Response","Late Resubmission"))),"") -> Late Resubmission | AD27: =IF(AC27="Late Resubmission",IF(AB27="","",AB27-AA27),IF(AC27="Not submit yet",IF(AA27="","",$J$1-AA27),"")) -> 26 | AG27: =IF(AND(RIGHT($E27,1)>="A",RIGHT($E27,1)<="Z"),LEFT($E27,LEN($E27)-1),$E27) -> LTIA-5.10-VIETUR-70000-RFA-MSS-0123 | AH27: {=$E27=_xlfn.XLOOKUP( AG27, _xlfn._xlws.FILTER($AG$7:$AG$4572,$L$7:$L$4572<>"X"), _xlfn._xlws.FILTER($E$7:$E$4572,$L$7:$L$4572<>"X"), "", 0, -1 )} -> FALSE | AI27: =IF($AH27,IF(OR($R27="B",$R27="C"),"YES",IF($R27="",IF(OR($I27="B",$I27="C"),"YES",""),"")),"")
A28: =A27+1 -> 22 | B28: =MID(E28, FIND("-", E28) + 1, 4) -> 5.10 | C28: SCS | D28: MAS | E28: LTIA-5.10-VIETUR-70000-RFA-MAS-0158A | F28: =IF($U28=0,$T28+22,$U28+21) -> 45546 | G28: Request for approval of ICT cable - ELV system | H28: Đề nghị phê duyệt vật tư cáp điện nhẹ - Hệ thống điện nhẹ | I28: C | J28: =MAX(0, IF(ISBLANK($W28), _xlfn.DAYS($J$1,$U28), _xlfn.DAYS($W28,$U28))) -> 58 | K28: =IF(($J28-21)>0,$J28-21,0) -> 37 | M28: Link | N28: Link | O28: Link | P28: Link | Q28: Link | R28: C | S28: 45525 | T28: 45525 | U28: 45525 | V28: 45539 | W28: 45583 | X28: Mr Phong + Shimada | Y28: 45588 | Z28: 45590 | AA28: =IF(AND($R28="",$I28=""),"",IF(OR($R28="B",$R28="C"),IF($Z28<>"",$Z28+7,IF($Y28<>"",$Y28+8,"")),IF($R28="",IF(OR($I28="B",$I28="C"),IF($W28<>"",$W28+7,IF($V28<>"",$V28+8,""))),""))) -> 45597 | AB28: 45603 | AC28: =IF(OR($R28="B",$R28="C"),IF($AA28="","",IF($AB28="",IF($AA28>=$J$1,"In progress","Not submit yet"),IF($AA28>=$AB28,"Timely Response","Late Resubmission"))),"") -> Late Resubmission | AD28: =IF(AC28="Late Resubmission",IF(AB28="","",AB28-AA28),IF(AC28="Not submit yet",IF(AA28="","",$J$1-AA28),"")) -> 6 | AG28: =IF(AND(RIGHT($E28,1)>="A",RIGHT($E28,1)<="Z"),LEFT($E28,LEN($E28)-1),$E28) -> LTIA-5.10-VIETUR-70000-RFA-MAS-0158 | AH28: {=$E28=_xlfn.XLOOKUP( AG28, _xlfn._xlws.FILTER($AG$7:$AG$4572,$L$7:$L$4572<>"X"), _xlfn._xlws.FILTER($E$7:$E$4572,$L$7:$L$4572<>"X"), "", 0, -1 )} -> FALSE | AI28: =IF($AH28,IF(OR($R28="B",$R28="C"),"YES",IF($R28="",IF(OR($I28="B",$I28="C"),"YES",""),"")),"")
A29: =A28+1 -> 23 | B29: =MID(E29, FIND("-", E29) + 1, 4) -> 5.10 | C29: PAS | D29: MAS | E29: LTIA-5.10-VIETUR-70000-RFA-MAS-0307A | F29: =IF($U29=0,$T29+22,$U29+21) -> 45616 | G29: Request for approval of equipment and all mounting accessories for Public address system (PAS) | H29: Yêu cầu phê duyệt thiết bị và tất cả các phụ kiện lắp đặt cho hệ thống âm thanh công cộng (PAS) | I29: A | J29: =MAX(0, IF(ISBLANK($W29), _xlfn.DAYS($J$1,$U29), _xlfn.DAYS($W29,$U29))) -> 21 | K29: =IF(($J29-21)>0,$J29-21,0) -> 0 | M29: Link | N29: Link | O29: Link | P29: Link | Q29: Link | R29: A | S29: 45595 | T29: 45595 | U29: 45595 | V29: 45609 | W29: 45616 | X29: Mr Phong + Shimada | Y29: 45985 | Z29: 45621 | AA29: =IF(AND($R29="",$I29=""),"",IF(OR($R29="B",$R29="C"),IF($Z29<>"",$Z29+7,IF($Y29<>"",$Y29+8,"")),IF($R29="",IF(OR($I29="B",$I29="C"),IF($W29<>"",$W29+7,IF($V29<>"",$V29+8,""))),""))) | AC29: =IF(OR($R29="B",$R29="C"),IF($AA29="","",IF($AB29="",IF($AA29>=$J$1,"In progress","Not submit yet"),IF($AA29>=$AB29,"Timely Response","Late Resubmission"))),"") | AD29: =IF(AC29="Late Resubmission",IF(AB29="","",AB29-AA29),IF(AC29="Not submit yet",IF(AA29="","",$J$1-AA29),"")) | AG29: =IF(AND(RIGHT($E29,1)>="A",RIGHT($E29,1)<="Z"),LEFT($E29,LEN($E29)-1),$E29) -> LTIA-5.10-VIETUR-70000-RFA-MAS-0307 | AH29: {=$E29=_xlfn.XLOOKUP( AG29, _xlfn._xlws.FILTER($AG$7:$AG$4572,$L$7:$L$4572<>"X"), _xlfn._xlws.FILTER($E$7:$E$4572,$L$7:$L$4572<>"X"), "", 0, -1 )} -> TRUE | AI29: =IF($AH29,IF(OR($R29="B",$R29="C"),"YES",IF($R29="",IF(OR($I29="B",$I29="C"),"YES",""),"")),"")
A30: =A29+1 -> 24 | B30: =MID(E30, FIND("-", E30) + 1, 4) -> 5.10 | C30: SCS | D30: MAS | E30: LTIA-5.10-VIETUR-70000-RFA-MAS-0258A | F30: =IF($U30=0,$T30+22,$U30+21) -> 45575 | G30: Request for approval Material of structured cabling system (SCS) | H30: Đề nghị phê duyệt vật tư hệ thống cấu trúc mạng | I30: C | J30: =MAX(0, IF(ISBLANK($W30), _xlfn.DAYS($J$1,$U30), _xlfn.DAYS($W30,$U30))) -> 50 | K30: =IF(($J30-21)>0,$J30-21,0) -> 29 | M30: Link | N30: Link | O30: Link | P30: Link | Q30: Link | R30: C | S30: 45553 | T30: 45553 | U30: 45554 | V30: 45567 | W30: 45604 | X30: Mr Phong + Shimada | Y30: 45617 | Z30: 45617 | AA30: =IF(AND($R30="",$I30=""),"",IF(OR($R30="B",$R30="C"),IF($Z30<>"",$Z30+7,IF($Y30<>"",$Y30+8,"")),IF($R30="",IF(OR($I30="B",$I30="C"),IF($W30<>"",$W30+7,IF($V30<>"",$V30+8,""))),""))) -> 45624 | AB30: 45719 | AC30: =IF(OR($R30="B",$R30="C"),IF($AA30="","",IF($AB30="",IF($AA30>=$J$1,"In progress","Not submit yet"),IF($AA30>=$AB30,"Timely Response","Late Resubmission"))),"") -> Late Resubmission | AD30: =IF(AC30="Late Resubmission",IF(AB30="","",AB30-AA30),IF(AC30="Not submit yet",IF(AA30="","",$J$1-AA30),"")) -> 95 | AG30: =IF(AND(RIGHT($E30,1)>="A",RIGHT($E30,1)<="Z"),LEFT($E30,LEN($E30)-1),$E30) -> LTIA-5.10-VIETUR-70000-RFA-MAS-0258 | AH30: {=$E30=_xlfn.XLOOKUP( AG30, _xlfn._xlws.FILTER($AG$7:$AG$4572,$L$7:$L$4572<>"X"), _xlfn._xlws.FILTER($E$7:$E$4572,$L$7:$L$4572<>"X"), "", 0, -1 )} -> FALSE | AI30: =IF($AH30,IF(OR($R30="B",$R30="C"),"YES",IF($R30="",IF(OR($I30="B",$I30="C"),"YES",""),"")),"")
A31: =A30+1 -> 25 | B31: =MID(E31, FIND("-", E31) + 1, 4) -> 5.10 | C31: ACS | D31: MAS | E31: LTIA-5.10-VIETUR-70000-RFA-MAS-0305A | F31: =IF($U31=0,$T31+22,$U31+21) -> 45586 | G31: Request for approval Materials of Access Control System (ACS) | H31: Đề nghị phê duyệt vật tư hệ thống kiểm soát cửa ra vào | I31: B | J31: =MAX(0, IF(ISBLANK($W31), _xlfn.DAYS($J$1,$U31), _xlfn.DAYS($W31,$U31))) -> 29 | K31: =IF(($J31-21)>0,$J31-21,0) -> 8 | M31: Link | N31: Link | O31: Link | P31: Link | Q31: Link | R31: B | S31: 45562 | T31: 45562 | U31: 45565 | V31: 45576 | W31: 45594 | X31: Mr Cường + Shimada | Y31: 45609 | Z31: 45609 | AA31: =IF(AND($R31="",$I31=""),"",IF(OR($R31="B",$R31="C"),IF($Z31<>"",$Z31+7,IF($Y31<>"",$Y31+8,"")),IF($R31="",IF(OR($I31="B",$I31="C"),IF($W31<>"",$W31+7,IF($V31<>"",$V31+8,""))),""))) -> 45616 | AB31: 45630 | AC31: =IF(OR($R31="B",$R31="C"),IF($AA31="","",IF($AB31="",IF($AA31>=$J$1,"In progress","Not submit yet"),IF($AA31>=$AB31,"Timely Response","Late Resubmission"))),"") -> Late Resubmission | AD31: =IF(AC31="Late Resubmission",IF(AB31="","",AB31-AA31),IF(AC31="Not submit yet",IF(AA31="","",$J$1-AA31),"")) -> 14 | AG31: =IF(AND(RIGHT($E31,1)>="A",RIGHT($E31,1)<="Z"),LEFT($E31,LEN($E31)-1),$E31) -> LTIA-5.10-VIETUR-70000-RFA-MAS-0305 | AH31: {=$E31=_xlfn.XLOOKUP( AG31, _xlfn._xlws.FILTER($AG$7:$AG$4572,$L$7:$L$4572<>"X"), _xlfn._xlws.FILTER($E$7:$E$4572,$L$7:$L$4572<>"X"), "", 0, -1 )} -> FALSE | AI31: =IF($AH31,IF(OR($R31="B",$R31="C"),"YES",IF($R31="",IF(OR($I31="B",$I31="C"),"YES",""),"")),"")
A32: =A31+1 -> 26 | B32: =MID(E32, FIND("-", E32) + 1, 4) -> 5.10 | C32: MCS | D32: MSS | E32: LTIA-5.10-VIETUR-70000-RFA-MSS-0123A | F32: =IF($U32=0,$T32+22,$U32+21) -> 45602 | G32: Request for approval of installation methods master clock system | H32: Đề nghị phê duyệt biện pháp thi công lắp đặt hệ thống đồng hồ chủ | I32: A | J32: =MAX(0, IF(ISBLANK($W32), _xlfn.DAYS($J$1,$U32), _xlfn.DAYS($W32,$U32))) -> 9 | K32: =IF(($J32-21)>0,$J32-21,0) -> 0 | M32: Link | N32: Link | O32: Link | P32: Link | Q32: Link | R32: A | S32: 45581 | T32: 45581 | U32: 45581 | V32: 45589 | W32: 45590 | X32: Mr Cường + Shimada | Y32: 45594 | Z32: 45595 | AA32: =IF(AND($R32="",$I32=""),"",IF(OR($R32="B",$R32="C"),IF($Z32<>"",$Z32+7,IF($Y32<>"",$Y32+8,"")),IF($R32="",IF(OR($I32="B",$I32="C"),IF($W32<>"",$W32+7,IF($V32<>"",$V32+8,""))),""))) | AC32: =IF(OR($R32="B",$R32="C"),IF($AA32="","",IF($AB32="",IF($AA32>=$J$1,"In progress","Not submit yet"),IF($AA32>=$AB32,"Timely Response","Late Resubmission"))),"") | AD32: =IF(AC32="Late Resubmission",IF(AB32="","",AB32-AA32),IF(AC32="Not submit yet",IF(AA32="","",$J$1-AA32),"")) | AG32: =IF(AND(RIGHT($E32,1)>="A",RIGHT($E32,1)<="Z"),LEFT($E32,LEN($E32)-1),$E32) -> LTIA-5.10-VIETUR-70000-RFA-MSS-0123 | AH32: {=$E32=_xlfn.XLOOKUP( AG32, _xlfn._xlws.FILTER($AG$7:$AG$4572,$L$7:$L$4572<>"X"), _xlfn._xlws.FILTER($E$7:$E$4572,$L$7:$L$4572<>"X"), "", 0, -1 )} -> TRUE | AI32: =IF($AH32,IF(OR($R32="B",$R32="C"),"YES",IF($R32="",IF(OR($I32="B",$I32="C"),"YES",""),"")),"")
A33: =A32+1 -> 27 | B33: =MID(E33, FIND("-", E33) + 1, 4) -> 5.10 | C33: SCS | D33: MAS | E33: LTIA-5.10-VIETUR-70000-RFA-MAS-0158B | F33: =IF($U33=0,$T33+22,$U33+21) -> 45624 | G33: Request for approval of ICT cable - ELV system | H33: Đề nghị phê duyệt vật tư cáp điện nhẹ - Hệ thống điện nhẹ | I33: C | J33: =MAX(0, IF(ISBLANK($W33), _xlfn.DAYS($J$1,$U33), _xlfn.DAYS($W33,$U33))) -> 35 | K33: =IF(($J33-21)>0,$J33-21,0) -> 14 | M33: Link | N33: Link | O33: Link | P33: Link | Q33: Link | R33: C | S33: 45603 | T33: 45603 | U33: 45603 | V33: 45618 | W33: 45638 | X33: Mr Hiếu + Kuroda | Y33: 45652 | Z33: 45656 | AA33: =IF(AND($R33="",$I33=""),"",IF(OR($R33="B",$R33="C"),IF($Z33<>"",$Z33+7,IF($Y33<>"",$Y33+8,"")),IF($R33="",IF(OR($I33="B",$I33="C"),IF($W33<>"",$W33+7,IF($V33<>"",$V33+8,""))),""))) -> 45663 | AB33: 45666 | AC33: =IF(OR($R33="B",$R33="C"),IF($AA33="","",IF($AB33="",IF($AA33>=$J$1,"In progress","Not submit yet"),IF($AA33>=$AB33,"Timely Response","Late Resubmission"))),"") -> Late Resubmission | AD33: =IF(AC33="Late Resubmission",IF(AB33="","",AB33-AA33),IF(AC33="Not submit yet",IF(AA33="","",$J$1-AA33),"")) -> 3 | AG33: =IF(AND(RIGHT($E33,1)>="A",RIGHT($E33,1)<="Z"),LEFT($E33,LEN($E33)-1),$E33) -> LTIA-5.10-VIETUR-70000-RFA-MAS-0158 | AH33: {=$E33=_xlfn.XLOOKUP( AG33, _xlfn._xlws.FILTER($AG$7:$AG$4572,$L$7:$L$4572<>"X"), _xlfn._xlws.FILTER($E$7:$E$4572,$L$7:$L$4572<>"X"), "", 0, -1 )} -> FALSE | AI33: =IF($AH33,IF(OR($R33="B",$R33="C"),"YES",IF($R33="",IF(OR($I33="B",$I33="C"),"YES",""),"")),"")
A34: =A33+1 -> 28 | B34: =MID(E34, FIND("-", E34) + 1, 4) -> 5.10 | C34: SCS PMR | D34: MAS | E34: LTIA-5.10-VIETUR-70000-RFA-MAS-0409 | F34: =IF($U34=0,$T34+22,$U34+21) -> 45635 | G34: Request for approval of additional ICT cable of Item PMR - ELV system | H34: Đề nghị phê duyệt bổ sung vật tư cáp điện nhẹ của hạng mục PMR - Hệ thống điện nhẹ | I34: A | J34: =MAX(0, IF(ISBLANK($W34), _xlfn.DAYS($J$1,$U34), _xlfn.DAYS($W34,$U34))) -> 14 | K34: =IF(($J34-21)>0,$J34-21,0) -> 0 | M34: Link | N34: Link | O34: Link | P34: Link | Q34: Link | R34: A | S34: 45614 | T34: 45614 | U34: 45614 | V34: 45628 | W34: 45628 | X34: Mr Phong + Shimada | Y34: 45646 | Z34: 45649 | AA34: =IF(AND($R34="",$I34=""),"",IF(OR($R34="B",$R34="C"),IF($Z34<>"",$Z34+7,IF($Y34<>"",$Y34+8,"")),IF($R34="",IF(OR($I34="B",$I34="C"),IF($W34<>"",$W34+7,IF($V34<>"",$V34+8,""))),""))) | AC34: =IF(OR($R34="B",$R34="C"),IF($AA34="","",IF($AB34="",IF($AA34>=$J$1,"In progress","Not submit yet"),IF($AA34>=$AB34,"Timely Response","Late Resubmission"))),"") | AD34: =IF(AC34="Late Resubmission",IF(AB34="","",AB34-AA34),IF(AC34="Not submit yet",IF(AA34="","",$J$1-AA34),"")) | AG34: =IF(AND(RIGHT($E34,1)>="A",RIGHT($E34,1)<="Z"),LEFT($E34,LEN($E34)-1),$E34) -> LTIA-5.10-VIETUR-70000-RFA-MAS-0409 | AH34: {=$E34=_xlfn.XLOOKUP( AG34, _xlfn._xlws.FILTER($AG$7:$AG$4572,$L$7:$L$4572<>"X"), _xlfn._xlws.FILTER($E$7:$E$4572,$L$7:$L$4572<>"X"), "", 0, -1 )} -> TRUE | AI34: =IF($AH34,IF(OR($R34="B",$R34="C"),"YES",IF($R34="",IF(OR($I34="B",$I34="C"),"YES",""),"")),"")
A35: =A34+1 -> 29 | B35: =MID(E35, FIND("-", E35) + 1, 4) -> 5.10 | C35: ACS | D35: MAS | E35: LTIA-5.10-VIETUR-70000-RFA-MAS-0305B | F35: =IF($U35=0,$T35+22,$U35+21) -> 45651 | G35: Request for approval Materials of Access Control System (ACS) | H35: Đề nghị phê duyệt vật tư hệ thống kiểm soát cửa ra vào | I35: A | J35: =MAX(0, IF(ISBLANK($W35), _xlfn.DAYS($J$1,$U35), _xlfn.DAYS($W35,$U35))) -> 17 | K35: =IF(($J35-21)>0,$J35-21,0) -> 0 | M35: Link | N35: Link | O35: Link | P35: Link | Q35: Link | R35: A | S35: 45630 | T35: 45630 | U35: 45630 | V35: 45643 | W35: 45647 | X35: Mr Cường + Kuroda | Y35: 45665 | Z35: 45670 | AA35: =IF(AND($R35="",$I35=""),"",IF(OR($R35="B",$R35="C"),IF($Z35<>"",$Z35+7,IF($Y35<>"",$Y35+8,"")),IF($R35="",IF(OR($I35="B",$I35="C"),IF($W35<>"",$W35+7,IF($V35<>"",$V35+8,""))),""))) | AC35: =IF(OR($R35="B",$R35="C"),IF($AA35="","",IF($AB35="",IF($AA35>=$J$1,"In progress","Not submit yet"),IF($AA35>=$AB35,"Timely Response","Late Resubmission"))),"") | AD35: =IF(AC35="Late Resubmission",IF(AB35="","",AB35-AA35),IF(AC35="Not submit yet",IF(AA35="","",$J$1-AA35),"")) | AG35: =IF(AND(RIGHT($E35,1)>="A",RIGHT($E35,1)<="Z"),LEFT($E35,LEN($E35)-1),$E35) -> LTIA-5.10-VIETUR-70000-RFA-MAS-0305 | AH35: {=$E35=_xlfn.XLOOKUP( AG35, _xlfn._xlws.FILTER($AG$7:$AG$4572,$L$7:$L$4572<>"X"), _xlfn._xlws.FILTER($E$7:$E$4572,$L$7:$L$4572<>"X"), "", 0, -1 )} -> TRUE | AI35: =IF($AH35,IF(OR($R35="B",$R35="C"),"YES",IF($R35="",IF(OR($I35="B",$I35="C"),"YES",""),"")),"")
A36: =A35+1 -> 30 | B36: =MID(E36, FIND("-", E36) + 1, 4) -> 5.10 | C36: FAS | D36: MAS | E36: LTIA-5.10-VIETUR-70000-RFA-MAS-0318A | F36: =IF($U36=0,$T36+22,$U36+21) -> 45680 | G36: Request for approval material cable fire resistant shield for fire alarm system (Norden) | H36: Đề nghị phê duyệt vật liệu cáp chống cháy cho hệ thống báo cháy (Norden) | I36: A | J36: =MAX(0, IF(ISBLANK($W36), _xlfn.DAYS($J$1,$U36), _xlfn.DAYS($W36,$U36))) -> 7 | K36: =IF(($J36-21)>0,$J36-21,0) -> 0 | M36: Link | N36: Link | O36: Link | P36: Link | Q36: Link | R36: A | S36: 45659 | T36: 45659 | U36: 45659 | V36: 45665 | W36: 45666 | X36: Mr Phong + Shimada | Y36: 45695 | Z36: 45700 | AA36: =IF(AND($R36="",$I36=""),"",IF(OR($R36="B",$R36="C"),IF($Z36<>"",$Z36+7,IF($Y36<>"",$Y36+8,"")),IF($R36="",IF(OR($I36="B",$I36="C"),IF($W36<>"",$W36+7,IF($V36<>"",$V36+8,""))),""))) | AC36: =IF(OR($R36="B",$R36="C"),IF($AA36="","",IF($AB36="",IF($AA36>=$J$1,"In progress","Not submit yet"),IF($AA36>=$AB36,"Timely Response","Late Resubmission"))),"") | AD36: =IF(AC36="Late Resubmission",IF(AB36="","",AB36-AA36),IF(AC36="Not submit yet",IF(AA36="","",$J$1-AA36),"")) | AG36: =IF(AND(RIGHT($E36,1)>="A",RIGHT($E36,1)<="Z"),LEFT($E36,LEN($E36)-1),$E36) -> LTIA-5.10-VIETUR-70000-RFA-MAS-0318 | AH36: {=$E36=_xlfn.XLOOKUP( AG36, _xlfn._xlws.FILTER($AG$7:$AG$4572,$L$7:$L$4572<>"X"), _xlfn._xlws.FILTER($E$7:$E$4572,$L$7:$L$4572<>"X"), "", 0, -1 )} -> TRUE | AI36: =IF($AH36,IF(OR($R36="B",$R36="C"),"YES",IF($R36="",IF(OR($I36="B",$I36="C"),"YES",""),"")),"")
A37: =A36+1 -> 31 | B37: =MID(E37, FIND("-", E37) + 1, 4) -> 5.10 | C37: SCS | D37: OTH | E37: LTIA-5.10-VIETUR-70000-RFA-OTH-0328 | F37: =IF($U37=0,$T37+22,$U37+21) -> 45656 | G37: Report for site inspection on the installation for junction box and data outlet connection | H37: Báo cáo kiểm tra thực tế phương án lắp đặt hộp đấu nối và kết nối ổ cắm dữ liệu | I37: A | J37: =MAX(0, IF(ISBLANK($W37), _xlfn.DAYS($J$1,$U37), _xlfn.DAYS($W37,$U37))) -> 12 | K37: =IF(($J37-21)>0,$J37-21,0) -> 0 | M37: Link | N37: Link | O37: Link | P37: Link | Q37: Link | R37: A | S37: 45635 | T37: 45635 | U37: 45635 | V37: 45646 | W37: 45647 | X37: Mr Phong + Kuroda | Y37: 45659 | Z37: 45660 | AA37: =IF(AND($R37="",$I37=""),"",IF(OR($R37="B",$R37="C"),IF($Z37<>"",$Z37+7,IF($Y37<>"",$Y37+8,"")),IF($R37="",IF(OR($I37="B",$I37="C"),IF($W37<>"",$W37+7,IF($V37<>"",$V37+8,""))),""))) | AC37: =IF(OR($R37="B",$R37="C"),IF($AA37="","",IF($AB37="",IF($AA37>=$J$1,"In progress","Not submit yet"),IF($AA37>=$AB37,"Timely Response","Late Resubmission"))),"") | AD37: =IF(AC37="Late Resubmission",IF(AB37="","",AB37-AA37),IF(AC37="Not submit yet",IF(AA37="","",$J$1-AA37),"")) | AG37: =IF(AND(RIGHT($E37,1)>="A",RIGHT($E37,1)<="Z"),LEFT($E37,LEN($E37)-1),$E37) -> LTIA-5.10-VIETUR-70000-RFA-OTH-0328 | AH37: {=$E37=_xlfn.XLOOKUP( AG37, _xlfn._xlws.FILTER($AG$7:$AG$4572,$L$7:$L$4572<>"X"), _xlfn._xlws.FILTER($E$7:$E$4572,$L$7:$L$4572<>"X"), "", 0, -1 )} -> TRUE | AI37: =IF($AH37,IF(OR($R37="B",$R37="C"),"YES",IF($R37="",IF(OR($I37="B",$I37="C"),"YES",""),"")),"")
A38: =A37+1 -> 32 | B38: =MID(E38, FIND("-", E38) + 1, 4) -> 5.10 | C38: SCS | D38: MAS | E38: LTIA-5.10-VIETUR-70000-RFA-MAS-0158C | F38: =IF($U38=0,$T38+22,$U38+21) -> 45688 | G38: Request for approval of ICT cable - ELV system | H38: Đề nghị phê duyệt vật tư cáp điện nhẹ - Hệ thống điện nhẹ | I38: A | J38: =MAX(0, IF(ISBLANK($W38), _xlfn.DAYS($J$1,$U38), _xlfn.DAYS($W38,$U38))) -> 27 | K38: =IF(($J38-21)>0,$J38-21,0) -> 6 | M38: Link | N38: Link | O38: Link | P38: Link | Q38: Link | R38: A | S38: 45666 | T38: 45666 | U38: 45667 | V38: 45681 | W38: 45694 | X38: Mr Shimada + Kuroda | Y38: 45695 | Z38: 45700 | AA38: =IF(AND($R38="",$I38=""),"",IF(OR($R38="B",$R38="C"),IF($Z38<>"",$Z38+7,IF($Y38<>"",$Y38+8,"")),IF($R38="",IF(OR($I38="B",$I38="C"),IF($W38<>"",$W38+7,IF($V38<>"",$V38+8,""))),""))) | AC38: =IF(OR($R38="B",$R38="C"),IF($AA38="","",IF($AB38="",IF($AA38>=$J$1,"In progress","Not submit yet"),IF($AA38>=$AB38,"Timely Response","Late Resubmission"))),"") | AD38: =IF(AC38="Late Resubmission",IF(AB38="","",AB38-AA38),IF(AC38="Not submit yet",IF(AA38="","",$J$1-AA38),"")) | AG38: =IF(AND(RIGHT($E38,1)>="A",RIGHT($E38,1)<="Z"),LEFT($E38,LEN($E38)-1),$E38) -> LTIA-5.10-VIETUR-70000-RFA-MAS-0158 | AH38: {=$E38=_xlfn.XLOOKUP( AG38, _xlfn._xlws.FILTER($AG$7:$AG$4572,$L$7:$L$4572<>"X"), _xlfn._xlws.FILTER($E$7:$E$4572,$L$7:$L$4572<>"X"), "", 0, -1 )} -> TRUE | AI38: =IF($AH38,IF(OR($R38="B",$R38="C"),"YES",IF($R38="",IF(OR($I38="B",$I38="C"),"YES",""),"")),"")
A39: =A38+1 -> 33 | B39: =MID(E39, FIND("-", E39) + 1, 4) -> 5.10 | C39: PAS IMM PMR | D39: MSS | E39: LTIA-5.10-VIETUR-70000-RFA-MSS-0153 | F39: =IF($U39=0,$T39+22,$U39+21) -> 45698 | G39: Request for approval of method statement installation of the public address system, immigration system, professional mobile radio | H39: Đề nghị phê duyệt thuyết minh biện pháp thi công lắp đặt hệ thống phát thanh công cộng, công an cửa khẩu, bộ đàm | I39: A | J39: =MAX(0, IF(ISBLANK($W39), _xlfn.DAYS($J$1,$U39), _xlfn.DAYS($W39,$U39))) -> 29 | K39: =IF(($J39-21)>0,$J39-21,0) -> 8 | M39: Link | N39: Link | O39: Link | P39: Link | Q39: Link | R39: A | S39: 45677 | T39: 45677 | U39: 45677 | V39: 45692 | W39: 45706 | X39: Mr Phong + Shimada | Y39: 45730 | Z39: 45737 | AA39: =IF(AND($R39="",$I39=""),"",IF(OR($R39="B",$R39="C"),IF($Z39<>"",$Z39+7,IF($Y39<>"",$Y39+8,"")),IF($R39="",IF(OR($I39="B",$I39="C"),IF($W39<>"",$W39+7,IF($V39<>"",$V39+8,""))),""))) | AC39: =IF(OR($R39="B",$R39="C"),IF($AA39="","",IF($AB39="",IF($AA39>=$J$1,"In progress","Not submit yet"),IF($AA39>=$AB39,"Timely Response","Late Resubmission"))),"") | AD39: =IF(AC39="Late Resubmission",IF(AB39="","",AB39-AA39),IF(AC39="Not submit yet",IF(AA39="","",$J$1-AA39),"")) | AG39: =IF(AND(RIGHT($E39,1)>="A",RIGHT($E39,1)<="Z"),LEFT($E39,LEN($E39)-1),$E39) -> LTIA-5.10-VIETUR-70000-RFA-MSS-0153 | AH39: {=$E39=_xlfn.XLOOKUP( AG39, _xlfn._xlws.FILTER($AG$7:$AG$4572,$L$7:$L$4572<>"X"), _xlfn._xlws.FILTER($E$7:$E$4572,$L$7:$L$4572<>"X"), "", 0, -1 )} -> TRUE | AI39: =IF($AH39,IF(OR($R39="B",$R39="C"),"YES",IF($R39="",IF(OR($I39="B",$I39="C"),"YES",""),"")),"")
A40: =A39+1 -> 34 | B40: =MID(E40, FIND("-", E40) + 1, 4) -> 5.10 | C40: FAS | D40: MAS | E40: LTIA-5.10-VIETUR-70000-RFA-MAS-0468 | F40: =IF($U40=0,$T40+22,$U40+21) -> 45713 | G40: Request for approval additional of fire alarm equipment for fire alarm system | H40: Đề nghị phê duyệt bổ sung thiết bị báo cháy cho hệ thống báo cháy | I40: A | J40: =MAX(0, IF(ISBLANK($W40), _xlfn.DAYS($J$1,$U40), _xlfn.DAYS($W40,$U40))) -> 8 | K40: =IF(($J40-21)>0,$J40-21,0) -> 0 | M40: Link | N40: Link | O40: Link | P40: Link | Q40: Link | R40: A | S40: 45678 | T40: 45678 | U40: 45692 | V40: 45700 | W40: 45700 | X40: Mr Phong + Kuroda | Y40: 45730 | Z40: 45737 | AA40: =IF(AND($R40="",$I40=""),"",IF(OR($R40="B",$R40="C"),IF($Z40<>"",$Z40+7,IF($Y40<>"",$Y40+8,"")),IF($R40="",IF(OR($I40="B",$I40="C"),IF($W40<>"",$W40+7,IF($V40<>"",$V40+8,""))),""))) | AC40: =IF(OR($R40="B",$R40="C"),IF($AA40="","",IF($AB40="",IF($AA40>=$J$1,"In progress","Not submit yet"),IF($AA40>=$AB40,"Timely Response","Late Resubmission"))),"") | AD40: =IF(AC40="Late Resubmission",IF(AB40="","",AB40-AA40),IF(AC40="Not submit yet",IF(AA40="","",$J$1-AA40),"")) | AG40: =IF(AND(RIGHT($E40,1)>="A",RIGHT($E40,1)<="Z"),LEFT($E40,LEN($E40)-1),$E40) -> LTIA-5.10-VIETUR-70000-RFA-MAS-0468 | AH40: {=$E40=_xlfn.XLOOKUP( AG40, _xlfn._xlws.FILTER($AG$7:$AG$4572,$L$7:$L$4572<>"X"), _xlfn._xlws.FILTER($E$7:$E$4572,$L$7:$L$4572<>"X"), "", 0, -1 )} -> TRUE | AI40: =IF($AH40,IF(OR($R40="B",$R40="C"),"YES",IF($R40="",IF(OR($I40="B",$I40="C"),"YES",""),"")),"")
A41: =A40+1 -> 35 | B41: =MID(E41, FIND("-", E41) + 1, 4) -> 5.10 | C41: SCS | D41: MAS | E41: LTIA-5.10-VIETUR-70000-RFA-MAS-0258B | F41: =IF($U41=0,$T41+22,$U41+21) -> 45741 | G41: Request for approval Material of structured cabling system (SCS) | H41: Đề nghị phê duyệt vật tư hệ thống cấu trúc mạng | I41: A | J41: =MAX(0, IF(ISBLANK($W41), _xlfn.DAYS($J$1,$U41), _xlfn.DAYS($W41,$U41))) -> 10 | K41: =IF(($J41-21)>0,$J41-21,0) -> 0 | M41: Link | N41: Link | O41: Link | P41: Link | Q41: Link | R41: A | S41: 45719 | T41: 45719 | U41: 45720 | V41: 45729 | W41: 45730 | X41: Mr Phong + Kuroda | Y41: 45736 | Z41: 45737 | AA41: =IF(AND($R41="",$I41=""),"",IF(OR($R41="B",$R41="C"),IF($Z41<>"",$Z41+7,IF($Y41<>"",$Y41+8,"")),IF($R41="",IF(OR($I41="B",$I41="C"),IF($W41<>"",$W41+7,IF($V41<>"",$V41+8,""))),""))) | AC41: =IF(OR($R41="B",$R41="C"),IF($AA41="","",IF($AB41="",IF($AA41>=$J$1,"In progress","Not submit yet"),IF($AA41>=$AB41,"Timely Response","Late Resubmission"))),"") | AD41: =IF(AC41="Late Resubmission",IF(AB41="","",AB41-AA41),IF(AC41="Not submit yet",IF(AA41="","",$J$1-AA41),"")) | AG41: =IF(AND(RIGHT($E41,1)>="A",RIGHT($E41,1)<="Z"),LEFT($E41,LEN($E41)-1),$E41) -> LTIA-5.10-VIETUR-70000-RFA-MAS-0258 | AH41: {=$E41=_xlfn.XLOOKUP( AG41, _xlfn._xlws.FILTER($AG$7:$AG$4572,$L$7:$L$4572<>"X"), _xlfn._xlws.FILTER($E$7:$E$4572,$L$7:$L$4572<>"X"), "", 0, -1 )} -> TRUE | AI41: =IF($AH41,IF(OR($R41="B",$R41="C"),"YES",IF($R41="",IF(OR($I41="B",$I41="C"),"YES",""),"")),"")
A42: =A41+1 -> 36 | B42: =MID(E42, FIND("-", E42) + 1, 4) -> 5.10 | C42: FAS | D42: MAS | E42: LTIA-5.10-VIETUR-70000-RFA-MAS-0519 | F42: =IF($U42=0,$T42+22,$U42+21) -> 45770 | G42: Request for approval additional material cable fire resistant shield for fire alarm system (Norden) | H42: Đề nghị phê duyệt bổ sung vật liệu cáp chống cháy cho hệ thống báo cháy (Norden) | I42: A | J42: =MAX(0, IF(ISBLANK($W42), _xlfn.DAYS($J$1,$U42), _xlfn.DAYS($W42,$U42))) -> 7 | K42: =IF(($J42-21)>0,$J42-21,0) -> 0 | M42: Link | N42: Link | O42: Link | P42: Link | Q42: Link | R42: A | S42: 45748 | T42: 45748 | U42: 45749 | V42: 45756 | W42: 45756 | X42: Mr Phong + Shimada | Y42: 45772 | Z42: 45772 | AA42: =IF(AND($R42="",$I42=""),"",IF(OR($R42="B",$R42="C"),IF($Z42<>"",$Z42+7,IF($Y42<>"",$Y42+8,"")),IF($R42="",IF(OR($I42="B",$I42="C"),IF($W42<>"",$W42+7,IF($V42<>"",$V42+8,""))),""))) | AC42: =IF(OR($R42="B",$R42="C"),IF($AA42="","",IF($AB42="",IF($AA42>=$J$1,"In progress","Not submit yet"),IF($AA42>=$AB42,"Timely Response","Late Resubmission"))),"") | AD42: =IF(AC42="Late Resubmission",IF(AB42="","",AB42-AA42),IF(AC42="Not submit yet",IF(AA42="","",$J$1-AA42),"")) | AG42: =IF(AND(RIGHT($E42,1)>="A",RIGHT($E42,1)<="Z"),LEFT($E42,LEN($E42)-1),$E42) -> LTIA-5.10-VIETUR-70000-RFA-MAS-0519 | AH42: {=$E42=_xlfn.XLOOKUP( AG42, _xlfn._xlws.FILTER($AG$7:$AG$4572,$L$7:$L$4572<>"X"), _xlfn._xlws.FILTER($E$7:$E$4572,$L$7:$L$4572<>"X"), "", 0, -1 )} -> TRUE | AI42: =IF($AH42,IF(OR($R42="B",$R42="C"),"YES",IF($R42="",IF(OR($I42="B",$I42="C"),"YES",""),"")),"")
A43: =A42+1 -> 37 | B43: =MID(E43, FIND("-", E43) + 1, 4) -> 5.10 | C43: ACS | D43: MAS | E43: LTIA-5.10-VIETUR-70000-RFA-MAS-0535 | F43: =IF($U43=0,$T43+22,$U43+21) -> 45778 | G43: Request for approval of additional Materials for the Access Control System (ACS) | H43: Đề nghị phê duyệt bổ sung vật tư hệ thống kiểm soát cửa ra vào (ACS) | I43: A | J43: =MAX(0, IF(ISBLANK($W43), _xlfn.DAYS($J$1,$U43), _xlfn.DAYS($W43,$U43))) -> 19 | K43: =IF(($J43-21)>0,$J43-21,0) -> 0 | M43: Link | N43: Link | O43: Link | P43: Link | Q43: Link | R43: A | S43: 45757 | T43: 45757 | U43: 45757 | V43: 45769 | W43: 45776 | X43: Mr Phong + Kuroda | Y43: 45790 | Z43: 45790 | AA43: =IF(AND($R43="",$I43=""),"",IF(OR($R43="B",$R43="C"),IF($Z43<>"",$Z43+7,IF($Y43<>"",$Y43+8,"")),IF($R43="",IF(OR($I43="B",$I43="C"),IF($W43<>"",$W43+7,IF($V43<>"",$V43+8,""))),""))) | AC43: =IF(OR($R43="B",$R43="C"),IF($AA43="","",IF($AB43="",IF($AA43>=$J$1,"In progress","Not submit yet"),IF($AA43>=$AB43,"Timely Response","Late Resubmission"))),"") | AD43: =IF(AC43="Late Resubmission",IF(AB43="","",AB43-AA43),IF(AC43="Not submit yet",IF(AA43="","",$J$1-AA43),"")) | AG43: =IF(AND(RIGHT($E43,1)>="A",RIGHT($E43,1)<="Z"),LEFT($E43,LEN($E43)-1),$E43) -> LTIA-5.10-VIETUR-70000-RFA-MAS-0535 | AH43: {=$E43=_xlfn.XLOOKUP( AG43, _xlfn._xlws.FILTER($AG$7:$AG$4572,$L$7:$L$4572<>"X"), _xlfn._xlws.FILTER($E$7:$E$4572,$L$7:$L$4572<>"X"), "", 0, -1 )} -> TRUE | AI43: =IF($AH43,IF(OR($R43="B",$R43="C"),"YES",IF($R43="",IF(OR($I43="B",$I43="C"),"YES",""),"")),"")
A44: =A43+1 -> 38 | B44: =MID(E44, FIND("-", E44) + 1, 4) -> 5.10 | C44: SCS SCADA | D44: OTH | E44: LTIA-5.10-VIETUR-70000-RFA-OTH-0432 | F44: =IF($U44=0,$T44+22,$U44+21) -> 45784 | G44: Request for approval media converters for SCS system and SCADA system | H44: Đề nghị phê duyệt thiết bị chuyển đổi quang điện cho hệ SCS và hệ SCADA | I44: C | J44: =MAX(0, IF(ISBLANK($W44), _xlfn.DAYS($J$1,$U44), _xlfn.DAYS($W44,$U44))) -> 20 | K44: =IF(($J44-21)>0,$J44-21,0) -> 0 | M44: Link | N44: Link | O44: Link | P44: Link | Q44: Link | R44: C | S44: 45763 | T44: 45763 | U44: 45763 | V44: 45776 | W44: 45783 | X44: Mr Phong + Kuroda | Y44: 45790 | Z44: 45793 | AA44: =IF(AND($R44="",$I44=""),"",IF(OR($R44="B",$R44="C"),IF($Z44<>"",$Z44+7,IF($Y44<>"",$Y44+8,"")),IF($R44="",IF(OR($I44="B",$I44="C"),IF($W44<>"",$W44+7,IF($V44<>"",$V44+8,""))),""))) -> 45800 | AC44: =IF(OR($R44="B",$R44="C"),IF($AA44="","",IF($AB44="",IF($AA44>=$J$1,"In progress","Not submit yet"),IF($AA44>=$AB44,"Timely Response","Late Resubmission"))),"") -> Not submit yet | AD44: =IF(AC44="Late Resubmission",IF(AB44="","",AB44-AA44),IF(AC44="Not submit yet",IF(AA44="","",$J$1-AA44),"")) -> 509 | AG44: =IF(AND(RIGHT($E44,1)>="A",RIGHT($E44,1)<="Z"),LEFT($E44,LEN($E44)-1),$E44) -> LTIA-5.10-VIETUR-70000-RFA-OTH-0432 | AH44: {=$E44=_xlfn.XLOOKUP( AG44, _xlfn._xlws.FILTER($AG$7:$AG$4572,$L$7:$L$4572<>"X"), _xlfn._xlws.FILTER($E$7:$E$4572,$L$7:$L$4572<>"X"), "", 0, -1 )} -> TRUE | AI44: =IF($AH44,IF(OR($R44="B",$R44="C"),"YES",IF($R44="",IF(OR($I44="B",$I44="C"),"YES",""),"")),"") -> YES
A45: =A44+1 -> 39 | B45: =MID(E45, FIND("-", E45) + 1, 4) -> 5.10 | C45: HBMS | D45: MAS | E45: LTIA-5.10-VIETUR-70000-RFA-MAS-0556 | F45: =IF($U45=0,$T45+22,$U45+21) -> 45796 | G45: Request for approval of HBMS Management software in DC2 (install in visual server) High BMS Management Software for central management and 3rd party system interation | H45: Đề nghị phê duyệt phần mềm quản lý HBMS tại DC2 (cài đặt trên máy chủ ảo) Phần mềm tích hợp quản lý tòa nhà bậc cao cho trung tâm quản lý và tích hợp các hệ thống phụ bao gồm các tính năng | I45: C | J45: =MAX(0, IF(ISBLANK($W45), _xlfn.DAYS($J$1,$U45), _xlfn.DAYS($W45,$U45))) -> 26 | K45: =IF(($J45-21)>0,$J45-21,0) -> 5 | M45: Link | N45: Link | O45: Link | P45: Link | Q45: Link | R45: C | S45: 45775 | T45: 45775 | U45: 45775 | V45: 45793 | W45: 45801 | X45: Mr Phong + Kuroda | Y45: 45812 | Z45: 45814 | AA45: =IF(AND($R45="",$I45=""),"",IF(OR($R45="B",$R45="C"),IF($Z45<>"",$Z45+7,IF($Y45<>"",$Y45+8,"")),IF($R45="",IF(OR($I45="B",$I45="C"),IF($W45<>"",$W45+7,IF($V45<>"",$V45+8,""))),""))) -> 45821 | AB45: 45854 | AC45: =IF(OR($R45="B",$R45="C"),IF($AA45="","",IF($AB45="",IF($AA45>=$J$1,"In progress","Not submit yet"),IF($AA45>=$AB45,"Timely Response","Late Resubmission"))),"") -> Late Resubmission | AD45: =IF(AC45="Late Resubmission",IF(AB45="","",AB45-AA45),IF(AC45="Not submit yet",IF(AA45="","",$J$1-AA45),"")) -> 33 | AG45: =IF(AND(RIGHT($E45,1)>="A",RIGHT($E45,1)<="Z"),LEFT($E45,LEN($E45)-1),$E45) -> LTIA-5.10-VIETUR-70000-RFA-MAS-0556 | AH45: {=$E45=_xlfn.XLOOKUP( AG45, _xlfn._xlws.FILTER($AG$7:$AG$4572,$L$7:$L$4572<>"X"), _xlfn._xlws.FILTER($E$7:$E$4572,$L$7:$L$4572<>"X"), "", 0, -1 )} -> FALSE | AI45: =IF($AH45,IF(OR($R45="B",$R45="C"),"YES",IF($R45="",IF(OR($I45="B",$I45="C"),"YES",""),"")),"")
A46: =A45+1 -> 40 | B46: =MID(E46, FIND("-", E46) + 1, 4) -> 5.10 | C46: IMM | D46: MAS | E46: LTIA-5.10-VIETUR-70000-RFA-MAS-0277A | F46: =IF($U46=0,$T46+22,$U46+21) -> 45904 | G46: Request for approval of equipment and accessories for Immigration system (IMM) | H46: Đề nghị phê duyệt thiết bị và phụ kiện cho hệ thống Công an cửa khẩu (IMM) | I46: A | J46: =MAX(0, IF(ISBLANK($W46), _xlfn.DAYS($J$1,$U46), _xlfn.DAYS($W46,$U46))) -> 5 | K46: =IF(($J46-21)>0,$J46-21,0) -> 0 | M46: Link | N46: Link | O46: Link | P46: Link | Q46: Link | R46: B | S46: 45883 | T46: 45883 | U46: 45883 | V46: 45888 | W46: 45888 | X46: Mr Phong + Kuroda | Y46: 45910 | Z46: 45912 | AA46: =IF(AND($R46="",$I46=""),"",IF(OR($R46="B",$R46="C"),IF($Z46<>"",$Z46+7,IF($Y46<>"",$Y46+8,"")),IF($R46="",IF(OR($I46="B",$I46="C"),IF($W46<>"",$W46+7,IF($V46<>"",$V46+8,""))),""))) -> 45919 | AC46: =IF(OR($R46="B",$R46="C"),IF($AA46="","",IF($AB46="",IF($AA46>=$J$1,"In progress","Not submit yet"),IF($AA46>=$AB46,"Timely Response","Late Resubmission"))),"") -> Not submit yet | AD46: =IF(AC46="Late Resubmission",IF(AB46="","",AB46-AA46),IF(AC46="Not submit yet",IF(AA46="","",$J$1-AA46),"")) -> 390 | AG46: =IF(AND(RIGHT($E46,1)>="A",RIGHT($E46,1)<="Z"),LEFT($E46,LEN($E46)-1),$E46) -> LTIA-5.10-VIETUR-70000-RFA-MAS-0277 | AH46: {=$E46=_xlfn.XLOOKUP( AG46, _xlfn._xlws.FILTER($AG$7:$AG$4572,$L$7:$L$4572<>"X"), _xlfn._xlws.FILTER($E$7:$E$4572,$L$7:$L$4572<>"X"), "", 0, -1 )} -> TRUE | AI46: =IF($AH46,IF(OR($R46="B",$R46="C"),"YES",IF($R46="",IF(OR($I46="B",$I46="C"),"YES",""),"")),"") -> YES
A47: =A46+1 -> 41 | B47: =MID(E47, FIND("-", E47) + 1, 4) -> 5.10 | C47: ACS | D47: OTH | E47: LTIA-5.10-VIETUR-70000-RFA-OTH-0440 | F47: =IF($U47=0,$T47+22,$U47+21) -> 45852 | G47: Request for approval of the shop drawings of the Interface Box of the ACS | H47: Yêu cầu phê duyệt bản vẽ chế tạo hộp giao tiếp hệ ACS. | I47: A | J47: =MAX(0, IF(ISBLANK($W47), _xlfn.DAYS($J$1,$U47), _xlfn.DAYS($W47,$U47))) -> 4 | K47: =IF(($J47-21)>0,$J47-21,0) -> 0 | M47: Link | N47: Link | O47: Link | P47: Link | Q47: Link | R47: A | S47: 45831 | T47: 45831 | U47: 45831 | V47: 45835 | W47: 45835 | X47: Mr Phong + Kuroda | Y47: 45845 | Z47: 45846 | AA47: =IF(AND($R47="",$I47=""),"",IF(OR($R47="B",$R47="C"),IF($Z47<>"",$Z47+7,IF($Y47<>"",$Y47+8,"")),IF($R47="",IF(OR($I47="B",$I47="C"),IF($W47<>"",$W47+7,IF($V47<>"",$V47+8,""))),""))) | AC47: =IF(OR($R47="B",$R47="C"),IF($AA47="","",IF($AB47="",IF($AA47>=$J$1,"In progress","Not submit yet"),IF($AA47>=$AB47,"Timely Response","Late Resubmission"))),"") | AD47: =IF(AC47="Late Resubmission",IF(AB47="","",AB47-AA47),IF(AC47="Not submit yet",IF(AA47="","",$J$1-AA47),"")) | AG47: =IF(AND(RIGHT($E47,1)>="A",RIGHT($E47,1)<="Z"),LEFT($E47,LEN($E47)-1),$E47) -> LTIA-5.10-VIETUR-70000-RFA-OTH-0440 | AH47: {=$E47=_xlfn.XLOOKUP( AG47, _xlfn._xlws.FILTER($AG$7:$AG$4572,$L$7:$L$4572<>"X"), _xlfn._xlws.FILTER($E$7:$E$4572,$L$7:$L$4572<>"X"), "", 0, -1 )} -> TRUE | AI47: =IF($AH47,IF(OR($R47="B",$R47="C"),"YES",IF($R47="",IF(OR($I47="B",$I47="C"),"YES",""),"")),"")
A48: =A47+1 -> 42 | B48: =MID(E48, FIND("-", E48) + 1, 4) -> 5.10 | C48: SCS | D48: MAS | E48: LTIA-5.10-VIETUR-70000-RFA-MAS-0584 | F48: =IF($U48=0,$T48+22,$U48+21) -> 45824 | G48: Request for approval Additional Materials of Structured Cabling System - Floor-mounted data outlets. | H48: Đề nghị phê duyệt Vật tư bổ sung Hệ thống cáp cấu trúc mạng - Ổ cắm mạng âm sàn | I48: A | J48: =MAX(0, IF(ISBLANK($W48), _xlfn.DAYS($J$1,$U48), _xlfn.DAYS($W48,$U48))) -> 31 | K48: =IF(($J48-21)>0,$J48-21,0) -> 10 | M48: Link | N48: Link | O48: Link | P48: Link | Q48: Link | R48: A | S48: 45801 | T48: 45801 | U48: 45803 | V48: 45814 | W48: 45834 | X48: Mr Phong + Shimada | Y48: 45849 | Z48: 45853 | AA48: =IF(AND($R48="",$I48=""),"",IF(OR($R48="B",$R48="C"),IF($Z48<>"",$Z48+7,IF($Y48<>"",$Y48+8,"")),IF($R48="",IF(OR($I48="B",$I48="C"),IF($W48<>"",$W48+7,IF($V48<>"",$V48+8,""))),""))) | AC48: =IF(OR($R48="B",$R48="C"),IF($AA48="","",IF($AB48="",IF($AA48>=$J$1,"In progress","Not submit yet"),IF($AA48>=$AB48,"Timely Response","Late Resubmission"))),"") | AD48: =IF(AC48="Late Resubmission",IF(AB48="","",AB48-AA48),IF(AC48="Not submit yet",IF(AA48="","",$J$1-AA48),"")) | AG48: =IF(AND(RIGHT($E48,1)>="A",RIGHT($E48,1)<="Z"),LEFT($E48,LEN($E48)-1),$E48) -> LTIA-5.10-VIETUR-70000-RFA-MAS-0584 | AH48: {=$E48=_xlfn.XLOOKUP( AG48, _xlfn._xlws.FILTER($AG$7:$AG$4572,$L$7:$L$4572<>"X"), _xlfn._xlws.FILTER($E$7:$E$4572,$L$7:$L$4572<>"X"), "", 0, -1 )} -> TRUE | AI48: =IF($AH48,IF(OR($R48="B",$R48="C"),"YES",IF($R48="",IF(OR($I48="B",$I48="C"),"YES",""),"")),"")
A49: =A48+1 -> 43 | B49: =MID(E49, FIND("-", E49) + 1, 4) -> 5.10 | C49: HBMS | D49: MAS | E49: LTIA-5.10-VIETUR-70000-RFA-MAS-0556A | F49: =IF($U49=0,$T49+22,$U49+21) -> 45875 | G49: Request for approval of HBMS Management software in DC2 (install in visual server) High BMS Management Software for central management and 3rd party system interation | H49: Đề nghị phê duyệt phần mềm quản lý HBMS tại DC2 (cài đặt trên máy chủ ảo) Phần mềm tích hợp quản lý tòa nhà bậc cao cho trung tâm quản lý và tích hợp các hệ thống phụ bao gồm các tính năng | I49: C | J49: =MAX(0, IF(ISBLANK($W49), _xlfn.DAYS($J$1,$U49), _xlfn.DAYS($W49,$U49))) -> 41 | K49: =IF(($J49-21)>0,$J49-21,0) -> 20 | M49: Link | N49: Link | O49: Link | P49: Link | Q49: Link | R49: C | S49: 45854 | T49: 45854 | U49: 45854 | V49: 45867 | W49: 45895 | X49: Mr Phong + Kuroda | Y49: 45989 | Z49: 45993 | AA49: =IF(AND($R49="",$I49=""),"",IF(OR($R49="B",$R49="C"),IF($Z49<>"",$Z49+7,IF($Y49<>"",$Y49+8,"")),IF($R49="",IF(OR($I49="B",$I49="C"),IF($W49<>"",$W49+7,IF($V49<>"",$V49+8,""))),""))) -> 46000 | AB49: 46097 | AC49: =IF(OR($R49="B",$R49="C"),IF($AA49="","",IF($AB49="",IF($AA49>=$J$1,"In progress","Not submit yet"),IF($AA49>=$AB49,"Timely Response","Late Resubmission"))),"") -> Late Resubmission | AD49: =IF(AC49="Late Resubmission",IF(AB49="","",AB49-AA49),IF(AC49="Not submit yet",IF(AA49="","",$J$1-AA49),"")) -> 97 | AG49: =IF(AND(RIGHT($E49,1)>="A",RIGHT($E49,1)<="Z"),LEFT($E49,LEN($E49)-1),$E49) -> LTIA-5.10-VIETUR-70000-RFA-MAS-0556 | AH49: {=$E49=_xlfn.XLOOKUP( AG49, _xlfn._xlws.FILTER($AG$7:$AG$4572,$L$7:$L$4572<>"X"), _xlfn._xlws.FILTER($E$7:$E$4572,$L$7:$L$4572<>"X"), "", 0, -1 )} -> FALSE | AI49: =IF($AH49,IF(OR($R49="B",$R49="C"),"YES",IF($R49="",IF(OR($I49="B",$I49="C"),"YES",""),"")),"")
A50: =A49+1 -> 44 | B50: =MID(E50, FIND("-", E50) + 1, 4) -> 5.10 | C50: FAS | D50: OTH | E50: LTIA-5.10-VIETUR-70000-RFA-OTH-0523 | F50: =IF($U50=0,$T50+22,$U50+21) -> 45888 | G50: Request for approval of Fire Alarm Control Panel Fabrication Drawing For Fire Alarm System + Section 70000 - Extra low voltage system/72160 - Fire Alarm system. | H50: Đề nghị phê duyệt Bản Vẽ Chế Tạo Tủ Báo Cháy Cho Hệ Thống Báo Cháy + Phần 70000 - Hệ thống điện nhẹ ELV / 72160 - Hệ thống báo cháy. | I50: A | J50: =MAX(0, IF(ISBLANK($W50), _xlfn.DAYS($J$1,$U50), _xlfn.DAYS($W50,$U50))) -> 85 | K50: =IF(($J50-21)>0,$J50-21,0) -> 64 | M50: Link | N50: Link | O50: Link | P50: Link | Q50: Link | R50: B | S50: 45863 | T50: 45863 | U50: 45867 | V50: 45877 | W50: 45952 | X50: Mr Phong + Kuroda | Y50: 45968 | Z50: 45972 | AA50: =IF(AND($R50="",$I50=""),"",IF(OR($R50="B",$R50="C"),IF($Z50<>"",$Z50+7,IF($Y50<>"",$Y50+8,"")),IF($R50="",IF(OR($I50="B",$I50="C"),IF($W50<>"",$W50+7,IF($V50<>"",$V50+8,""))),""))) -> 45979 | AC50: =IF(OR($R50="B",$R50="C"),IF($AA50="","",IF($AB50="",IF($AA50>=$J$1,"In progress","Not submit yet"),IF($AA50>=$AB50,"Timely Response","Late Resubmission"))),"") -> Not submit yet | AD50: =IF(AC50="Late Resubmission",IF(AB50="","",AB50-AA50),IF(AC50="Not submit yet",IF(AA50="","",$J$1-AA50),"")) -> 330 | AG50: =IF(AND(RIGHT($E50,1)>="A",RIGHT($E50,1)<="Z"),LEFT($E50,LEN($E50)-1),$E50) -> LTIA-5.10-VIETUR-70000-RFA-OTH-0523 | AH50: {=$E50=_xlfn.XLOOKUP( AG50, _xlfn._xlws.FILTER($AG$7:$AG$4572,$L$7:$L$4572<>"X"), _xlfn._xlws.FILTER($E$7:$E$4572,$L$7:$L$4572<>"X"), "", 0, -1 )} -> TRUE | AI50: =IF($AH50,IF(OR($R50="B",$R50="C"),"YES",IF($R50="",IF(OR($I50="B",$I50="C"),"YES",""),"")),"") -> YES
A51: =A50+1 -> 45 | B51: =MID(E51, FIND("-", E51) + 1, 4) -> 5.10 | C51: DNE | D51: MSS | E51: LTIA-5.10-VIETUR-70000-RFA-MSS-0203 | G51: Request for approval of standard numbering system for cable and equipment identification tags | H51: Đệ trình quy định đánh số tên nhãn cáp và thiết bị | J51: =MAX(0, IF(ISBLANK($W51), _xlfn.DAYS($J$1,$U51), _xlfn.DAYS($W51,$U51))) -> 427 | L51: X | S51: 45876 | T51: 45876 | U51: 45882 | AA51: =IF(AND($R51="",$I51=""),"",IF(OR($R51="B",$R51="C"),IF($Z51<>"",$Z51+7,IF($Y51<>"",$Y51+8,"")),IF($R51="",IF(OR($I51="B",$I51="C"),IF($W51<>"",$W51+7,IF($V51<>"",$V51+8,""))),""))) | AC51: =IF(OR($R51="B",$R51="C"),IF($AA51="","",IF($AB51="",IF($AA51>=$J$1,"In progress","Not submit yet"),IF($AA51>=$AB51,"Timely Response","Late Resubmission"))),"") | AD51: =IF(AC51="Late Resubmission",IF(AB51="","",AB51-AA51),IF(AC51="Not submit yet",IF(AA51="","",$J$1-AA51),"")) | AE51: 08/28/2025 Withdraw | AG51: =IF(AND(RIGHT($E51,1)>="A",RIGHT($E51,1)<="Z"),LEFT($E51,LEN($E51)-1),$E51) -> LTIA-5.10-VIETUR-70000-RFA-MSS-0203 | AH51: {=$E51=_xlfn.XLOOKUP( AG51, _xlfn._xlws.FILTER($AG$7:$AG$4572,$L$7:$L$4572<>"X"), _xlfn._xlws.FILTER($E$7:$E$4572,$L$7:$L$4572<>"X"), "", 0, -1 )} -> FALSE | AI51: =IF($AH51,IF(OR($R51="B",$R51="C"),"YES",IF($R51="",IF(OR($I51="B",$I51="C"),"YES",""),"")),"")
A52: =A51+1 -> 46 | B52: =MID(E52, FIND("-", E52) + 1, 4) -> 5.10 | C52: SCS | D52: MAS | E52: LTIA-5.10-VIETUR-70000-RFA-MAS-0655 | F52: =IF($U52=0,$T52+22,$U52+21) -> 45945 | G52: Request for approval Materials of Structured Cabling System (SCS) - Rack cabinet in the Entrance Facility room (EF Room) | H52: Đề nghị phê duyệt vật tư Hệ thống cấu trúc mạng - Tủ Rack trong phòng tập điểm kết nối (Phòng EF) | I52: A | J52: =MAX(0, IF(ISBLANK($W52), _xlfn.DAYS($J$1,$U52), _xlfn.DAYS($W52,$U52))) -> 9 | K52: =IF(($J52-21)>0,$J52-21,0) -> 0 | M52: Link | N52: Link | O52: Link | P52: Link | Q52: Link | R52: A | S52: 45887 | T52: 45887 | U52: 45924 | V52: 45903 | W52: 45933 | X52: Mr Phong + Kuroda | Y52: 45959 | Z52: 45965 | AA52: =IF(AND($R52="",$I52=""),"",IF(OR($R52="B",$R52="C"),IF($Z52<>"",$Z52+7,IF($Y52<>"",$Y52+8,"")),IF($R52="",IF(OR($I52="B",$I52="C"),IF($W52<>"",$W52+7,IF($V52<>"",$V52+8,""))),""))) | AC52: =IF(OR($R52="B",$R52="C"),IF($AA52="","",IF($AB52="",IF($AA52>=$J$1,"In progress","Not submit yet"),IF($AA52>=$AB52,"Timely Response","Late Resubmission"))),"") | AD52: =IF(AC52="Late Resubmission",IF(AB52="","",AB52-AA52),IF(AC52="Not submit yet",IF(AA52="","",$J$1-AA52),"")) | AE52: 9/24/2025 Update | AG52: =IF(AND(RIGHT($E52,1)>="A",RIGHT($E52,1)<="Z"),LEFT($E52,LEN($E52)-1),$E52) -> LTIA-5.10-VIETUR-70000-RFA-MAS-0655 | AH52: {=$E52=_xlfn.XLOOKUP( AG52, _xlfn._xlws.FILTER($AG$7:$AG$4572,$L$7:$L$4572<>"X"), _xlfn._xlws.FILTER($E$7:$E$4572,$L$7:$L$4572<>"X"), "", 0, -1 )} -> TRUE | AI52: =IF($AH52,IF(OR($R52="B",$R52="C"),"YES",IF($R52="",IF(OR($I52="B",$I52="C"),"YES",""),"")),"")
A53: =A52+1 -> 47 | B53: =MID(E53, FIND("-", E53) + 1, 4) -> 5.10 | C53: SCS | D53: MAS | E53: LTIA-5.10-VIETUR-70000-RFA-MAS-0660 | F53: =IF($U53=0,$T53+22,$U53+21) -> 45924 | G53: Request for approval of additional materials for Cable tray and Accessories Cat Van Loi | H53: Đề nghị phê duyệt bổ sung vật tư Máng cáp và phụ kiện Cát Vạn Lợi | I53: A | J53: =MAX(0, IF(ISBLANK($W53), _xlfn.DAYS($J$1,$U53), _xlfn.DAYS($W53,$U53))) -> 12 | K53: =IF(($J53-21)>0,$J53-21,0) -> 0 | M53: Link | N53: Link | O53: Link | P53: Link | Q53: Link | R53: A | S53: 45870 | T53: 45870 | U53: 45903 | V53: 45903 | W53: 45915 | X53: Mr Phong + Kuroda | Y53: 45929 | Z53: 45930 | AA53: =IF(AND($R53="",$I53=""),"",IF(OR($R53="B",$R53="C"),IF($Z53<>"",$Z53+7,IF($Y53<>"",$Y53+8,"")),IF($R53="",IF(OR($I53="B",$I53="C"),IF($W53<>"",$W53+7,IF($V53<>"",$V53+8,""))),""))) | AC53: =IF(OR($R53="B",$R53="C"),IF($AA53="","",IF($AB53="",IF($AA53>=$J$1,"In progress","Not submit yet"),IF($AA53>=$AB53,"Timely Response","Late Resubmission"))),"") | AD53: =IF(AC53="Late Resubmission",IF(AB53="","",AB53-AA53),IF(AC53="Not submit yet",IF(AA53="","",$J$1-AA53),"")) | AE53: 9/3/2025 Update | AG53: =IF(AND(RIGHT($E53,1)>="A",RIGHT($E53,1)<="Z"),LEFT($E53,LEN($E53)-1),$E53) -> LTIA-5.10-VIETUR-70000-RFA-MAS-0660 | AH53: {=$E53=_xlfn.XLOOKUP( AG53, _xlfn._xlws.FILTER($AG$7:$AG$4572,$L$7:$L$4572<>"X"), _xlfn._xlws.FILTER($E$7:$E$4572,$L$7:$L$4572<>"X"), "", 0, -1 )} -> TRUE | AI53: =IF($AH53,IF(OR($R53="B",$R53="C"),"YES",IF($R53="",IF(OR($I53="B",$I53="C"),"YES",""),"")),"")
A54: =A53+1 -> 48 | B54: =MID(E54, FIND("-", E54) + 1, 4) -> 5.10 | C54: ACS | D54: OTH | E54: LTIA-5.10-VIETUR-70000-RFA-OTH-0565 | F54: =IF($U54=0,$T54+22,$U54+21) -> 45912 | G54: Request for approval of the scope of work and the quantity of ACS workstations belonging to P5.10 | H54: Đề nghị phê duyệt phạm vi và số lượng cung cấp máy tính trạm hệ ACS thuộc gói 5.10 | I54: A | J54: =MAX(0, IF(ISBLANK($W54), _xlfn.DAYS($J$1,$U54), _xlfn.DAYS($W54,$U54))) -> 25 | K54: =IF(($J54-21)>0,$J54-21,0) -> 4 | M54: Link | N54: Link | O54: Link | P54: Link | Q54: Link | R54: A | S54: 45891 | T54: 45891 | U54: 45891 | V54: 45904 | W54: 45916 | X54: Mr Phong + Kuroda | Y54: 45937 | Z54: 45944 | AA54: =IF(AND($R54="",$I54=""),"",IF(OR($R54="B",$R54="C"),IF($Z54<>"",$Z54+7,IF($Y54<>"",$Y54+8,"")),IF($R54="",IF(OR($I54="B",$I54="C"),IF($W54<>"",$W54+7,IF($V54<>"",$V54+8,""))),""))) | AC54: =IF(OR($R54="B",$R54="C"),IF($AA54="","",IF($AB54="",IF($AA54>=$J$1,"In progress","Not submit yet"),IF($AA54>=$AB54,"Timely Response","Late Resubmission"))),"") | AD54: =IF(AC54="Late Resubmission",IF(AB54="","",AB54-AA54),IF(AC54="Not submit yet",IF(AA54="","",$J$1-AA54),"")) | AG54: =IF(AND(RIGHT($E54,1)>="A",RIGHT($E54,1)<="Z"),LEFT($E54,LEN($E54)-1),$E54) -> LTIA-5.10-VIETUR-70000-RFA-OTH-0565 | AH54: {=$E54=_xlfn.XLOOKUP( AG54, _xlfn._xlws.FILTER($AG$7:$AG$4572,$L$7:$L$4572<>"X"), _xlfn._xlws.FILTER($E$7:$E$4572,$L$7:$L$4572<>"X"), "", 0, -1 )} -> TRUE | AI54: =IF($AH54,IF(OR($R54="B",$R54="C"),"YES",IF($R54="",IF(OR($I54="B",$I54="C"),"YES",""),"")),"")
A55: =A54+1 -> 49 | B55: =MID(E55, FIND("-", E55) + 1, 4) -> 5.10 | C55: ACS | D55: OTH | E55: LTIA-5.10-VIETUR-70000-RFA-OTH-0568 | F55: =IF($U55=0,$T55+22,$U55+21) -> 45929 | G55: Request for approval of the drawings of the Interface Box of the ACS for the Duress button and the Elevator | H55: Yêu cầu phê duyệt bản vẽ chế tạo hộp giao tiếp hệ ACS dùng cho nút nhấn khẩn và thang máy. | I55: A | J55: =MAX(0, IF(ISBLANK($W55), _xlfn.DAYS($J$1,$U55), _xlfn.DAYS($W55,$U55))) -> 16 | K55: =IF(($J55-21)>0,$J55-21,0) -> 0 | M55: Link | N55: Link | O55: Link | P55: Link | Q55: Link | R55: A | S55: 45906 | T55: 45906 | U55: 45908 | V55: 45919 | W55: 45924 | X55: Mr Phong + Kuroda | Y55: 45937 | Z55: 45946 | AA55: =IF(AND($R55="",$I55=""),"",IF(OR($R55="B",$R55="C"),IF($Z55<>"",$Z55+7,IF($Y55<>"",$Y55+8,"")),IF($R55="",IF(OR($I55="B",$I55="C"),IF($W55<>"",$W55+7,IF($V55<>"",$V55+8,""))),""))) | AC55: =IF(OR($R55="B",$R55="C"),IF($AA55="","",IF($AB55="",IF($AA55>=$J$1,"In progress","Not submit yet"),IF($AA55>=$AB55,"Timely Response","Late Resubmission"))),"") | AD55: =IF(AC55="Late Resubmission",IF(AB55="","",AB55-AA55),IF(AC55="Not submit yet",IF(AA55="","",$J$1-AA55),"")) | AG55: =IF(AND(RIGHT($E55,1)>="A",RIGHT($E55,1)<="Z"),LEFT($E55,LEN($E55)-1),$E55) -> LTIA-5.10-VIETUR-70000-RFA-OTH-0568 | AH55: {=$E55=_xlfn.XLOOKUP( AG55, _xlfn._xlws.FILTER($AG$7:$AG$4572,$L$7:$L$4572<>"X"), _xlfn._xlws.FILTER($E$7:$E$4572,$L$7:$L$4572<>"X"), "", 0, -1 )} -> TRUE | AI55: =IF($AH55,IF(OR($R55="B",$R55="C"),"YES",IF($R55="",IF(OR($I55="B",$I55="C"),"YES",""),"")),"")
A56: =A55+1 -> 50 | B56: =MID(E56, FIND("-", E56) + 1, 4) -> 5.10 | C56: MCS | D56: MAS | E56: LTIA-5.10-VIETUR-70000-RFA-MAS-0219B | F56: =IF($U56=0,$T56+22,$U56+21) -> 45994 | G56: Request for approval of list material and equipment for master clock system | H56: Đề nghị phê duyệt danh mục vật tư và thiết bị cho hệ thống đồng hồ chủ | I56: A | J56: =MAX(0, IF(ISBLANK($W56), _xlfn.DAYS($J$1,$U56), _xlfn.DAYS($W56,$U56))) -> 2 | K56: =IF(($J56-21)>0,$J56-21,0) -> 0 | M56: Link | N56: Link | O56: Link | P56: Link | Q56: Link | R56: A | S56: 45908 | T56: 45908 | U56: 45973 | V56: 45848 | W56: 45975 | X56: Mr Cường + Kuroda | Y56: 46002 | Z56: 45972 | AA56: =IF(AND($R56="",$I56=""),"",IF(OR($R56="B",$R56="C"),IF($Z56<>"",$Z56+7,IF($Y56<>"",$Y56+8,"")),IF($R56="",IF(OR($I56="B",$I56="C"),IF($W56<>"",$W56+7,IF($V56<>"",$V56+8,""))),""))) | AC56: =IF(OR($R56="B",$R56="C"),IF($AA56="","",IF($AB56="",IF($AA56>=$J$1,"In progress","Not submit yet"),IF($AA56>=$AB56,"Timely Response","Late Resubmission"))),"") | AD56: =IF(AC56="Late Resubmission",IF(AB56="","",AB56-AA56),IF(AC56="Not submit yet",IF(AA56="","",$J$1-AA56),"")) | AE56: 9/22/2025 Update 11/12/2025 Update | AG56: =IF(AND(RIGHT($E56,1)>="A",RIGHT($E56,1)<="Z"),LEFT($E56,LEN($E56)-1),$E56) -> LTIA-5.10-VIETUR-70000-RFA-MAS-0219 | AH56: {=$E56=_xlfn.XLOOKUP( AG56, _xlfn._xlws.FILTER($AG$7:$AG$4572,$L$7:$L$4572<>"X"), _xlfn._xlws.FILTER($E$7:$E$4572,$L$7:$L$4572<>"X"), "", 0, -1 )} -> TRUE | AI56: =IF($AH56,IF(OR($R56="B",$R56="C"),"YES",IF($R56="",IF(OR($I56="B",$I56="C"),"YES",""),"")),"")
A57: =A56+1 -> 51 | B57: =MID(E57, FIND("-", E57) + 1, 4) -> 5.10 | C57: ACS | D57: MAS | E57: LTIA-5.10-VIETUR-70000-RFA-MAS-0675 | F57: =IF($U57=0,$T57+22,$U57+21) -> 45932 | G57: Request for approval of additional Materials for the Access Control System (ACS) | H57: Đề nghị phê duyệt vật tư bổ sung cho hệ thống kiểm soát cửa ra vào | I57: A | J57: =MAX(0, IF(ISBLANK($W57), _xlfn.DAYS($J$1,$U57), _xlfn.DAYS($W57,$U57))) -> 7 | K57: =IF(($J57-21)>0,$J57-21,0) -> 0 | M57: Link | N57: Link | O57: Link | P57: Link | Q57: Link | R57: A | S57: 45911 | T57: 45911 | U57: 45911 | V57: 45918 | W57: 45918 | X57: Mr Phong + Kuroda | Y57: 45931 | Z57: 45933 | AA57: =IF(AND($R57="",$I57=""),"",IF(OR($R57="B",$R57="C"),IF($Z57<>"",$Z57+7,IF($Y57<>"",$Y57+8,"")),IF($R57="",IF(OR($I57="B",$I57="C"),IF($W57<>"",$W57+7,IF($V57<>"",$V57+8,""))),""))) | AC57: =IF(OR($R57="B",$R57="C"),IF($AA57="","",IF($AB57="",IF($AA57>=$J$1,"In progress","Not submit yet"),IF($AA57>=$AB57,"Timely Response","Late Resubmission"))),"") | AD57: =IF(AC57="Late Resubmission",IF(AB57="","",AB57-AA57),IF(AC57="Not submit yet",IF(AA57="","",$J$1-AA57),"")) | AG57: =IF(AND(RIGHT($E57,1)>="A",RIGHT($E57,1)<="Z"),LEFT($E57,LEN($E57)-1),$E57) -> LTIA-5.10-VIETUR-70000-RFA-MAS-0675 | AH57: {=$E57=_xlfn.XLOOKUP( AG57, _xlfn._xlws.FILTER($AG$7:$AG$4572,$L$7:$L$4572<>"X"), _xlfn._xlws.FILTER($E$7:$E$4572,$L$7:$L$4572<>"X"), "", 0, -1 )} -> TRUE | AI57: =IF($AH57,IF(OR($R57="B",$R57="C"),"YES",IF($R57="",IF(OR($I57="B",$I57="C"),"YES",""),"")),"")
A58: =A57+1 -> 52 | B58: =MID(E58, FIND("-", E58) + 1, 4) -> 5.10 | C58: ACS | D58: ICD | E58: LTIA-5.10-VIETUR-70000-RFA-OTH-0589 | F58: =IF($U58=0,$T58+22,$U58+21) -> 45940 | G58: Request for approval of Interface Control Document (ICD) of SACS System. | H58: Đề nghị phê duyệt Tài liệu kiểm soát Giao diện (ICD) của hệ thống SACS. | I58: C | J58: =MAX(0, IF(ISBLANK($W58), _xlfn.DAYS($J$1,$U58), _xlfn.DAYS($W58,$U58))) -> 62 | K58: =IF(($J58-21)>0,$J58-21,0) -> 41 | M58: Link | N58: Link | O58: Link | P58: Link | Q58: Link | R58: C | S58: 45919 | T58: 45919 | U58: 45919 | V58: 45932 | W58: 45981 | X58: Mr Phong + Kuroda | Y58: 45995 | Z58: 45995 | AA58: =IF(AND($R58="",$I58=""),"",IF(OR($R58="B",$R58="C"),IF($Z58<>"",$Z58+7,IF($Y58<>"",$Y58+8,"")),IF($R58="",IF(OR($I58="B",$I58="C"),IF($W58<>"",$W58+7,IF($V58<>"",$V58+8,""))),""))) -> 46002 | AC58: =IF(OR($R58="B",$R58="C"),IF($AA58="","",IF($AB58="",IF($AA58>=$J$1,"In progress","Not submit yet"),IF($AA58>=$AB58,"Timely Response","Late Resubmission"))),"") -> Not submit yet | AD58: =IF(AC58="Late Resubmission",IF(AB58="","",AB58-AA58),IF(AC58="Not submit yet",IF(AA58="","",$J$1-AA58),"")) -> 307 | AG58: =IF(AND(RIGHT($E58,1)>="A",RIGHT($E58,1)<="Z"),LEFT($E58,LEN($E58)-1),$E58) -> LTIA-5.10-VIETUR-70000-RFA-OTH-0589 | AH58: {=$E58=_xlfn.XLOOKUP( AG58, _xlfn._xlws.FILTER($AG$7:$AG$4572,$L$7:$L$4572<>"X"), _xlfn._xlws.FILTER($E$7:$E$4572,$L$7:$L$4572<>"X"), "", 0, -1 )} -> TRUE | AI58: =IF($AH58,IF(OR($R58="B",$R58="C"),"YES",IF($R58="",IF(OR($I58="B",$I58="C"),"YES",""),"")),"") -> YES
A59: =A58+1 -> 53 | B59: =MID(E59, FIND("-", E59) + 1, 4) -> 5.10 | C59: MCS | D59: MAS | E59: LTIA-5.10-VIETUR-70000-RFA-MAS-0700 | G59: Request for approval equipment for master clock system. | H59: Đề nghị phê duyệt thiết bị cho hệ thống đồng hồ chủ | J59: =MAX(0, IF(ISBLANK($W59), _xlfn.DAYS($J$1,$U59), _xlfn.DAYS($W59,$U59))) -> 358 | L59: X | S59: 45951 | T59: 45951 | U59: 45951 | AA59: =IF(AND($R59="",$I59=""),"",IF(OR($R59="B",$R59="C"),IF($Z59<>"",$Z59+7,IF($Y59<>"",$Y59+8,"")),IF($R59="",IF(OR($I59="B",$I59="C"),IF($W59<>"",$W59+7,IF($V59<>"",$V59+8,""))),""))) | AC59: =IF(OR($R59="B",$R59="C"),IF($AA59="","",IF($AB59="",IF($AA59>=$J$1,"In progress","Not submit yet"),IF($AA59>=$AB59,"Timely Response","Late Resubmission"))),"") | AD59: =IF(AC59="Late Resubmission",IF(AB59="","",AB59-AA59),IF(AC59="Not submit yet",IF(AA59="","",$J$1-AA59),"")) | AE59: 11/28/2025 Withdraw | AG59: =IF(AND(RIGHT($E59,1)>="A",RIGHT($E59,1)<="Z"),LEFT($E59,LEN($E59)-1),$E59) -> LTIA-5.10-VIETUR-70000-RFA-MAS-0700 | AH59: {=$E59=_xlfn.XLOOKUP( AG59, _xlfn._xlws.FILTER($AG$7:$AG$4572,$L$7:$L$4572<>"X"), _xlfn._xlws.FILTER($E$7:$E$4572,$L$7:$L$4572<>"X"), "", 0, -1 )} -> FALSE | AI59: =IF($AH59,IF(OR($R59="B",$R59="C"),"YES",IF($R59="",IF(OR($I59="B",$I59="C"),"YES",""),"")),"")
A60: =A59+1 -> 54 | B60: =MID(E60, FIND("-", E60) + 1, 4) -> 5.10 | C60: FAS | D60: MAS | E60: LTIA-5.10-VIETUR-70000-RFA-MAS-0696 | F60: =IF($U60=0,$T60+22,$U60+21) -> 46052 | G60: Request for approval Fire Alarm System (FAS) – Workstation. | H60: Đề nghị phê duyệt vật tư hệ thống báo cháy – Máy Trạm. | I60: A | J60: =MAX(0, IF(ISBLANK($W60), _xlfn.DAYS($J$1,$U60), _xlfn.DAYS($W60,$U60))) -> 1 | K60: =IF(($J60-21)>0,$J60-21,0) -> 0 | M60: Link | N60: Link | O60: Link | P60: Link | Q60: Link | R60: C | S60: 45951 | T60: 45951 | U60: 46031 | V60: 45965 | W60: 46032 | X60: Mr Phong + Kuroda | Y60: 46084 | Z60: 46085 | AA60: =IF(AND($R60="",$I60=""),"",IF(OR($R60="B",$R60="C"),IF($Z60<>"",$Z60+7,IF($Y60<>"",$Y60+8,"")),IF($R60="",IF(OR($I60="B",$I60="C"),IF($W60<>"",$W60+7,IF($V60<>"",$V60+8,""))),""))) -> 46092 | AB60: 46295 | AC60: =IF(OR($R60="B",$R60="C"),IF($AA60="","",IF($AB60="",IF($AA60>=$J$1,"In progress","Not submit yet"),IF($AA60>=$AB60,"Timely Response","Late Resubmission"))),"") -> Late Resubmission | AD60: =IF(AC60="Late Resubmission",IF(AB60="","",AB60-AA60),IF(AC60="Not submit yet",IF(AA60="","",$J$1-AA60),"")) -> 203 | AE60: 1/9/2026 Update | AG60: =IF(AND(RIGHT($E60,1)>="A",RIGHT($E60,1)<="Z"),LEFT($E60,LEN($E60)-1),$E60) -> LTIA-5.10-VIETUR-70000-RFA-MAS-0696 | AH60: {=$E60=_xlfn.XLOOKUP( AG60, _xlfn._xlws.FILTER($AG$7:$AG$4572,$L$7:$L$4572<>"X"), _xlfn._xlws.FILTER($E$7:$E$4572,$L$7:$L$4572<>"X"), "", 0, -1 )} -> FALSE | AI60: =IF($AH60,IF(OR($R60="B",$R60="C"),"YES",IF($R60="",IF(OR($I60="B",$I60="C"),"YES",""),"")),"")
A61: =A60+1 -> 55 | B61: =MID(E61, FIND("-", E61) + 1, 4) -> 5.10 | C61: SCS | D61: MAS | E61: LTIA-5.10-VIETUR-70000-RFA-MAS-0706 | F61: =IF($U61=0,$T61+22,$U61+21) -> 45981 | G61: Request for approval of Floor-Mounted data outlets for Raised Floor Area | H61: Đề nghị phê duyệt Ổ cắm dữ liệu âm sàn cho khu vực sàn nâng | I61: A | J61: =MAX(0, IF(ISBLANK($W61), _xlfn.DAYS($J$1,$U61), _xlfn.DAYS($W61,$U61))) -> 25 | K61: =IF(($J61-21)>0,$J61-21,0) -> 4 | M61: Link | N61: Link | O61: Link | P61: Link | Q61: Link | R61: C | S61: 45960 | T61: 45960 | U61: 45960 | V61: 45973 | W61: 45985 | X61: Mr Phong + Kuroda | Y61: 45999 | Z61: 46000 | AA61: =IF(AND($R61="",$I61=""),"",IF(OR($R61="B",$R61="C"),IF($Z61<>"",$Z61+7,IF($Y61<>"",$Y61+8,"")),IF($R61="",IF(OR($I61="B",$I61="C"),IF($W61<>"",$W61+7,IF($V61<>"",$V61+8,""))),""))) -> 46007 | AC61: =IF(OR($R61="B",$R61="C"),IF($AA61="","",IF($AB61="",IF($AA61>=$J$1,"In progress","Not submit yet"),IF($AA61>=$AB61,"Timely Response","Late Resubmission"))),"") -> Not submit yet | AD61: =IF(AC61="Late Resubmission",IF(AB61="","",AB61-AA61),IF(AC61="Not submit yet",IF(AA61="","",$J$1-AA61),"")) -> 302 | AG61: =IF(AND(RIGHT($E61,1)>="A",RIGHT($E61,1)<="Z"),LEFT($E61,LEN($E61)-1),$E61) -> LTIA-5.10-VIETUR-70000-RFA-MAS-0706 | AH61: {=$E61=_xlfn.XLOOKUP( AG61, _xlfn._xlws.FILTER($AG$7:$AG$4572,$L$7:$L$4572<>"X"), _xlfn._xlws.FILTER($E$7:$E$4572,$L$7:$L$4572<>"X"), "", 0, -1 )} -> TRUE | AI61: =IF($AH61,IF(OR($R61="B",$R61="C"),"YES",IF($R61="",IF(OR($I61="B",$I61="C"),"YES",""),"")),"") -> YES
A62: =A61+1 -> 56 | B62: =MID(E62, FIND("-", E62) + 1, 4) -> 5.10 | C62: ACS | D62: OTH | E62: LTIA-5.10-VIETUR-70000-RFA-OTH-0631 | F62: =IF($U62=0,$T62+22,$U62+21) -> 45995 | G62: Request for approval of the drawings of the Interface Box of the ACS (Supplement according to instruction number: LTIA-5.10-PMU-IBE-ICT-ELV-0009) | H62: Yêu cầu phê duyệt bản vẽ chế tạo hộp giao tiếp hệ ACS (Bổ sung theo chỉ thị số: LTIA-5.10-PMU-IBE-ICT-ELV-0009) | I62: B | J62: =MAX(0, IF(ISBLANK($W62), _xlfn.DAYS($J$1,$U62), _xlfn.DAYS($W62,$U62))) -> 12 | K62: =IF(($J62-21)>0,$J62-21,0) -> 0 | M62: Link | N62: Link | O62: Link | P62: Link | Q62: Link | R62: B | S62: 45974 | T62: 45974 | U62: 45974 | V62: 45985 | W62: 45986 | X62: Mr Phong + Kuroda | Y62: 45995 | Z62: 45999 | AA62: =IF(AND($R62="",$I62=""),"",IF(OR($R62="B",$R62="C"),IF($Z62<>"",$Z62+7,IF($Y62<>"",$Y62+8,"")),IF($R62="",IF(OR($I62="B",$I62="C"),IF($W62<>"",$W62+7,IF($V62<>"",$V62+8,""))),""))) -> 46006 | AB62: 46006 | AC62: =IF(OR($R62="B",$R62="C"),IF($AA62="","",IF($AB62="",IF($AA62>=$J$1,"In progress","Not submit yet"),IF($AA62>=$AB62,"Timely Response","Late Resubmission"))),"") -> Timely Response | AD62: =IF(AC62="Late Resubmission",IF(AB62="","",AB62-AA62),IF(AC62="Not submit yet",IF(AA62="","",$J$1-AA62),"")) | AG62: =IF(AND(RIGHT($E62,1)>="A",RIGHT($E62,1)<="Z"),LEFT($E62,LEN($E62)-1),$E62) -> LTIA-5.10-VIETUR-70000-RFA-OTH-0631 | AH62: {=$E62=_xlfn.XLOOKUP( AG62, _xlfn._xlws.FILTER($AG$7:$AG$4572,$L$7:$L$4572<>"X"), _xlfn._xlws.FILTER($E$7:$E$4572,$L$7:$L$4572<>"X"), "", 0, -1 )} -> FALSE | AI62: =IF($AH62,IF(OR($R62="B",$R62="C"),"YES",IF($R62="",IF(OR($I62="B",$I62="C"),"YES",""),"")),"")
A63: =A62+1 -> 57 | B63: =MID(E63, FIND("-", E63) + 1, 4) -> 5.10 | C63: IMM | D63: MAS | E63: LTIA-5.10-VIETUR-70000-RFA-MAS-0720 | F63: =IF($U63=0,$T63+22,$U63+21) -> 46037 | G63: Request for approval of equipment for Immigration system (IMM) - Phase 2 | H63: Đề nghị phê duyệt thiết bị hệ thống Công An cửa khẩu (IMM) - Đợt 2 | I63: A | J63: =MAX(0, IF(ISBLANK($W63), _xlfn.DAYS($J$1,$U63), _xlfn.DAYS($W63,$U63))) -> 1 | K63: =IF(($J63-21)>0,$J63-21,0) -> 0 | M63: Link | N63: Link | O63: Link | P63: Link | Q63: Link | R63: A | S63: 45979 | T63: 45979 | U63: 46016 | V63: 45985 | W63: 46017 | X63: Mr Phong + Kuroda | Y63: 46028 | Z63: 46029 | AA63: =IF(AND($R63="",$I63=""),"",IF(OR($R63="B",$R63="C"),IF($Z63<>"",$Z63+7,IF($Y63<>"",$Y63+8,"")),IF($R63="",IF(OR($I63="B",$I63="C"),IF($W63<>"",$W63+7,IF($V63<>"",$V63+8,""))),""))) | AC63: =IF(OR($R63="B",$R63="C"),IF($AA63="","",IF($AB63="",IF($AA63>=$J$1,"In progress","Not submit yet"),IF($AA63>=$AB63,"Timely Response","Late Resubmission"))),"") | AD63: =IF(AC63="Late Resubmission",IF(AB63="","",AB63-AA63),IF(AC63="Not submit yet",IF(AA63="","",$J$1-AA63),"")) | AE63: 12/25/2025 Update | AG63: =IF(AND(RIGHT($E63,1)>="A",RIGHT($E63,1)<="Z"),LEFT($E63,LEN($E63)-1),$E63) -> LTIA-5.10-VIETUR-70000-RFA-MAS-0720 | AH63: {=$E63=_xlfn.XLOOKUP( AG63, _xlfn._xlws.FILTER($AG$7:$AG$4572,$L$7:$L$4572<>"X"), _xlfn._xlws.FILTER($E$7:$E$4572,$L$7:$L$4572<>"X"), "", 0, -1 )} -> TRUE | AI63: =IF($AH63,IF(OR($R63="B",$R63="C"),"YES",IF($R63="",IF(OR($I63="B",$I63="C"),"YES",""),"")),"")
A64: =A63+1 -> 58 | B64: =MID(E64, FIND("-", E64) + 1, 4) -> 5.10 | C64: SCS | D64: MAS | E64: LTIA-5.10-VIETUR-70000-RFA-MAS-0708 | F64: =IF($U64=0,$T64+22,$U64+21) -> 46139 | G64: Request for approval of additional Shielded RJ45 CAT6A plug for CAT6A cable | H64: Đề nghị phê duyệt bổ sung Đầu cắm RJ45 CAT6A có che chắn dùng cho cáp CAT6A | I64: A | J64: =MAX(0, IF(ISBLANK($W64), _xlfn.DAYS($J$1,$U64), _xlfn.DAYS($W64,$U64))) -> 0 | K64: =IF(($J64-21)>0,$J64-21,0) -> 0 | M64: Link | N64: Link | O64: Link | P64: Link | Q64: Link | R64: A | S64: 45982 | T64: 45982 | U64: 46118 | V64: 45993 | W64: 46118 | X64: Mr Phong + Kuroda | Y64: 46134 | Z64: 45999 | AA64: =IF(AND($R64="",$I64=""),"",IF(OR($R64="B",$R64="C"),IF($Z64<>"",$Z64+7,IF($Y64<>"",$Y64+8,"")),IF($R64="",IF(OR($I64="B",$I64="C"),IF($W64<>"",$W64+7,IF($V64<>"",$V64+8,""))),""))) | AC64: =IF(OR($R64="B",$R64="C"),IF($AA64="","",IF($AB64="",IF($AA64>=$J$1,"In progress","Not submit yet"),IF($AA64>=$AB64,"Timely Response","Late Resubmission"))),"") | AD64: =IF(AC64="Late Resubmission",IF(AB64="","",AB64-AA64),IF(AC64="Not submit yet",IF(AA64="","",$J$1-AA64),"")) | AE64: 4/6/2026 Update | AG64: =IF(AND(RIGHT($E64,1)>="A",RIGHT($E64,1)<="Z"),LEFT($E64,LEN($E64)-1),$E64) -> LTIA-5.10-VIETUR-70000-RFA-MAS-0708 | AH64: {=$E64=_xlfn.XLOOKUP( AG64, _xlfn._xlws.FILTER($AG$7:$AG$4572,$L$7:$L$4572<>"X"), _xlfn._xlws.FILTER($E$7:$E$4572,$L$7:$L$4572<>"X"), "", 0, -1 )} -> TRUE | AI64: =IF($AH64,IF(OR($R64="B",$R64="C"),"YES",IF($R64="",IF(OR($I64="B",$I64="C"),"YES",""),"")),"")
A65: =A64+1 -> 59 | B65: =MID(E65, FIND("-", E65) + 1, 4) -> 5.10 | C65: SCS | D65: MAS | E65: LTIA-5.10-VIETUR-70000-RFA-MAS-0734 | F65: =IF($U65=0,$T65+22,$U65+21) -> 46053 | G65: Request for approval of additional Materials of Structured Cabling System - SCS | H65: Đề nghị phê duyệt Vật tư bổ sung của Hệ cấu trúc cáp - SCS | I65: A | J65: =MAX(0, IF(ISBLANK($W65), _xlfn.DAYS($J$1,$U65), _xlfn.DAYS($W65,$U65))) -> 4 | K65: =IF(($J65-21)>0,$J65-21,0) -> 0 | M65: Link | N65: Link | O65: Link | P65: Link | Q65: Link | R65: A | S65: 45995 | T65: 45995 | U65: 46032 | V65: 46008 | W65: 46036 | X65: Mr Phong + Kuroda | Y65: 46177 | Z65: 46181 | AA65: =IF(AND($R65="",$I65=""),"",IF(OR($R65="B",$R65="C"),IF($Z65<>"",$Z65+7,IF($Y65<>"",$Y65+8,"")),IF($R65="",IF(OR($I65="B",$I65="C"),IF($W65<>"",$W65+7,IF($V65<>"",$V65+8,""))),""))) | AC65: =IF(OR($R65="B",$R65="C"),IF($AA65="","",IF($AB65="",IF($AA65>=$J$1,"In progress","Not submit yet"),IF($AA65>=$AB65,"Timely Response","Late Resubmission"))),"") | AD65: =IF(AC65="Late Resubmission",IF(AB65="","",AB65-AA65),IF(AC65="Not submit yet",IF(AA65="","",$J$1-AA65),"")) | AE65: 1/10/2026 Update | AG65: =IF(AND(RIGHT($E65,1)>="A",RIGHT($E65,1)<="Z"),LEFT($E65,LEN($E65)-1),$E65) -> LTIA-5.10-VIETUR-70000-RFA-MAS-0734 | AH65: {=$E65=_xlfn.XLOOKUP( AG65, _xlfn._xlws.FILTER($AG$7:$AG$4572,$L$7:$L$4572<>"X"), _xlfn._xlws.FILTER($E$7:$E$4572,$L$7:$L$4572<>"X"), "", 0, -1 )} -> TRUE | AI65: =IF($AH65,IF(OR($R65="B",$R65="C"),"YES",IF($R65="",IF(OR($I65="B",$I65="C"),"YES",""),"")),"")
A66: =A65+1 -> 60 | B66: =MID(E66, FIND("-", E66) + 1, 4) -> 5.10 | C66: HBMS | D66: MAS | E66: LTIA-5.10-VIETUR-70000-RFA-MAS-0556B | F66: =IF($U66=0,$T66+22,$U66+21) -> 46118 | G66: Request for approval of HBMS Management software in DC2 (install in visual server) High BMS Management Software for central management and 3rd party system interation | H66: Đề nghị phê duyệt phần mềm quản lý HBMS tại DC2 (cài đặt trên máy chủ ảo) Phần mềm tích hợp quản lý tòa nhà bậc cao cho trung tâm quản lý và tích hợp các hệ thống phụ bao gồm các tính năng | I66: A | J66: =MAX(0, IF(ISBLANK($W66), _xlfn.DAYS($J$1,$U66), _xlfn.DAYS($W66,$U66))) -> 1 | K66: =IF(($J66-21)>0,$J66-21,0) -> 0 | M66: Link | N66: Link | O66: Link | P66: Link | Q66: Link | R66: A | S66: 45995 | T66: 45995 | U66: 46097 | V66: 46008 | W66: 46098 | X66: Mr Phong + Kuroda | Y66: 46175 | Z66: 46175 | AA66: =IF(AND($R66="",$I66=""),"",IF(OR($R66="B",$R66="C"),IF($Z66<>"",$Z66+7,IF($Y66<>"",$Y66+8,"")),IF($R66="",IF(OR($I66="B",$I66="C"),IF($W66<>"",$W66+7,IF($V66<>"",$V66+8,""))),""))) | AC66: =IF(OR($R66="B",$R66="C"),IF($AA66="","",IF($AB66="",IF($AA66>=$J$1,"In progress","Not submit yet"),IF($AA66>=$AB66,"Timely Response","Late Resubmission"))),"") | AD66: =IF(AC66="Late Resubmission",IF(AB66="","",AB66-AA66),IF(AC66="Not submit yet",IF(AA66="","",$J$1-AA66),"")) | AE66: 3/16/2026 Update | AG66: =IF(AND(RIGHT($E66,1)>="A",RIGHT($E66,1)<="Z"),LEFT($E66,LEN($E66)-1),$E66) -> LTIA-5.10-VIETUR-70000-RFA-MAS-0556 | AH66: {=$E66=_xlfn.XLOOKUP( AG66, _xlfn._xlws.FILTER($AG$7:$AG$4572,$L$7:$L$4572<>"X"), _xlfn._xlws.FILTER($E$7:$E$4572,$L$7:$L$4572<>"X"), "", 0, -1 )} -> TRUE | AI66: =IF($AH66,IF(OR($R66="B",$R66="C"),"YES",IF($R66="",IF(OR($I66="B",$I66="C"),"YES",""),"")),"")
A67: =A66+1 -> 61 | B67: =MID(E67, FIND("-", E67) + 1, 4) -> 5.10 | C67: ACS | D67: OTH | E67: LTIA-5.10-VIETUR-70000-RFA-OTH-0631A | F67: =IF($U67=0,$T67+22,$U67+21) -> 46028 | G67: Request for approval of the drawings of the Interface Box of the ACS (Supplement according to instruction number: LTIA-5.10-PMU-IBE-ICT-ELV-0009) | H67: Yêu cầu phê duyệt bản vẽ chế tạo hộp giao tiếp hệ ACS (Bổ sung theo chỉ thị số: LTIA-5.10-PMU-IBE-ICT-ELV-0009) | I67: A | J67: =MAX(0, IF(ISBLANK($W67), _xlfn.DAYS($J$1,$U67), _xlfn.DAYS($W67,$U67))) -> 8 | K67: =IF(($J67-21)>0,$J67-21,0) -> 0 | M67: Link | N67: Link | O67: Link | P67: Link | Q67: Link | R67: A | S67: 46006 | T67: 46006 | U67: 46007 | V67: 45999 | W67: 46015 | X67: Mr Long + Kuroda | Y67: 46030 | Z67: 46031 | AA67: =IF(AND($R67="",$I67=""),"",IF(OR($R67="B",$R67="C"),IF($Z67<>"",$Z67+7,IF($Y67<>"",$Y67+8,"")),IF($R67="",IF(OR($I67="B",$I67="C"),IF($W67<>"",$W67+7,IF($V67<>"",$V67+8,""))),""))) | AC67: =IF(OR($R67="B",$R67="C"),IF($AA67="","",IF($AB67="",IF($AA67>=$J$1,"In progress","Not submit yet"),IF($AA67>=$AB67,"Timely Response","Late Resubmission"))),"") | AD67: =IF(AC67="Late Resubmission",IF(AB67="","",AB67-AA67),IF(AC67="Not submit yet",IF(AA67="","",$J$1-AA67),"")) | AG67: =IF(AND(RIGHT($E67,1)>="A",RIGHT($E67,1)<="Z"),LEFT($E67,LEN($E67)-1),$E67) -> LTIA-5.10-VIETUR-70000-RFA-OTH-0631 | AH67: {=$E67=_xlfn.XLOOKUP( AG67, _xlfn._xlws.FILTER($AG$7:$AG$4572,$L$7:$L$4572<>"X"), _xlfn._xlws.FILTER($E$7:$E$4572,$L$7:$L$4572<>"X"), "", 0, -1 )} -> TRUE | AI67: =IF($AH67,IF(OR($R67="B",$R67="C"),"YES",IF($R67="",IF(OR($I67="B",$I67="C"),"YES",""),"")),"")
A68: =A67+1 -> 62 | B68: =MID(E68, FIND("-", E68) + 1, 4) -> 5.10 | C68: SCS | D68: OTH | E68: LTIA-5.10-VIETUR-70000-RFA-OTH-0654 | F68: =IF($U68=0,$T68+22,$U68+21) -> 46030 | G68: Request for approval for Measurement Equipment of ICT cable - ELV System | H68: Đề nghị phê duyệt Thiết bị đo cáp điện nhẹ - Hệ thống điện nhẹ | I68: B | J68: =MAX(0, IF(ISBLANK($W68), _xlfn.DAYS($J$1,$U68), _xlfn.DAYS($W68,$U68))) -> 34 | K68: =IF(($J68-21)>0,$J68-21,0) -> 13 | M68: Link | N68: Link | O68: Link | P68: Link | Q68: Link | R68: C | S68: 46009 | T68: 46009 | U68: 46009 | V68: 46022 | W68: 46043 | X68: Mr Phong + Kuroda | Y68: 46162 | AA68: =IF(AND($R68="",$I68=""),"",IF(OR($R68="B",$R68="C"),IF($Z68<>"",$Z68+7,IF($Y68<>"",$Y68+8,"")),IF($R68="",IF(OR($I68="B",$I68="C"),IF($W68<>"",$W68+7,IF($V68<>"",$V68+8,""))),""))) -> 46170 | AC68: =IF(OR($R68="B",$R68="C"),IF($AA68="","",IF($AB68="",IF($AA68>=$J$1,"In progress","Not submit yet"),IF($AA68>=$AB68,"Timely Response","Late Resubmission"))),"") -> Not submit yet | AD68: =IF(AC68="Late Resubmission",IF(AB68="","",AB68-AA68),IF(AC68="Not submit yet",IF(AA68="","",$J$1-AA68),"")) -> 139 | AG68: =IF(AND(RIGHT($E68,1)>="A",RIGHT($E68,1)<="Z"),LEFT($E68,LEN($E68)-1),$E68) -> LTIA-5.10-VIETUR-70000-RFA-OTH-0654 | AH68: {=$E68=_xlfn.XLOOKUP( AG68, _xlfn._xlws.FILTER($AG$7:$AG$4572,$L$7:$L$4572<>"X"), _xlfn._xlws.FILTER($E$7:$E$4572,$L$7:$L$4572<>"X"), "", 0, -1 )} -> TRUE | AI68: =IF($AH68,IF(OR($R68="B",$R68="C"),"YES",IF($R68="",IF(OR($I68="B",$I68="C"),"YES",""),"")),"") -> YES
A69: =A68+1 -> 63 | B69: =MID(E69, FIND("-", E69) + 1, 4) -> 5.10 | C69: IMM | D69: MAS | E69: LTIA-5.10-VIETUR-70000-RFA-MAS-0774 | F69: =IF($U69=0,$T69+22,$U69+21) -> 46161 | G69: Request for approval of workstation for Immigration system (IMM) | H69: Yêu cầu phê duyệt máy trạm cho hệ thống Công An cửa khẩu (IMM) | I69: A | J69: =MAX(0, IF(ISBLANK($W69), _xlfn.DAYS($J$1,$U69), _xlfn.DAYS($W69,$U69))) -> 15 | K69: =IF(($J69-21)>0,$J69-21,0) -> 0 | M69: Link | N69: Link | O69: Link | P69: Link | S69: 46140 | T69: 46140 | U69: 46140 | V69: 46153 | W69: 46155 | X69: Mr Phong + Kuroda | AA69: =IF(AND($R69="",$I69=""),"",IF(OR($R69="B",$R69="C"),IF($Z69<>"",$Z69+7,IF($Y69<>"",$Y69+8,"")),IF($R69="",IF(OR($I69="B",$I69="C"),IF($W69<>"",$W69+7,IF($V69<>"",$V69+8,""))),""))) -> FALSE | AC69: =IF(OR($R69="B",$R69="C"),IF($AA69="","",IF($AB69="",IF($AA69>=$J$1,"In progress","Not submit yet"),IF($AA69>=$AB69,"Timely Response","Late Resubmission"))),"") | AD69: =IF(AC69="Late Resubmission",IF(AB69="","",AB69-AA69),IF(AC69="Not submit yet",IF(AA69="","",$J$1-AA69),"")) | AG69: =IF(AND(RIGHT($E69,1)>="A",RIGHT($E69,1)<="Z"),LEFT($E69,LEN($E69)-1),$E69) -> LTIA-5.10-VIETUR-70000-RFA-MAS-0774 | AH69: {=$E69=_xlfn.XLOOKUP( AG69, _xlfn._xlws.FILTER($AG$7:$AG$4572,$L$7:$L$4572<>"X"), _xlfn._xlws.FILTER($E$7:$E$4572,$L$7:$L$4572<>"X"), "", 0, -1 )} -> TRUE | AI69: =IF($AH69,IF(OR($R69="B",$R69="C"),"YES",IF($R69="",IF(OR($I69="B",$I69="C"),"YES",""),"")),"")
A70: =A69+1 -> 64 | B70: =MID(E70, FIND("-", E70) + 1, 4) -> 5.11 | C70: IPTV | D70: MAS | E70: LTIA-5.11-LTICT-72110-RFA-MAS-0001 | F70: =IF($U70=0,$T70+22,$U70+21) -> 45952 | G70: Request for approval of equiment for IP Television (IPTV) | H70: Đề nghị phê duyệt thiết bị cho Hệ thống phát hình IP (IPTV) | I70: A | J70: =MAX(0, IF(ISBLANK($W70), _xlfn.DAYS($J$1,$U70), _xlfn.DAYS($W70,$U70))) -> 9 | K70: =IF(($J70-21)>0,$J70-21,0) -> 0 | M70: Link | N70: Link | O70: Link | P70: Link | Q70: Link | R70: A | S70: 45909 | T70: 45887 | U70: 45931 | V70: 45919 | W70: 45940 | X70: Mr Phong + Kuroda | Y70: 45930 | AA70: =IF(AND($R70="",$I70=""),"",IF(OR($R70="B",$R70="C"),IF($Z70<>"",$Z70+7,IF($Y70<>"",$Y70+8,"")),IF($R70="",IF(OR($I70="B",$I70="C"),IF($W70<>"",$W70+7,IF($V70<>"",$V70+8,""))),""))) | AC70: =IF(OR($R70="B",$R70="C"),IF($AA70="","",IF($AB70="",IF($AA70>=$J$1,"In progress","Not submit yet"),IF($AA70>=$AB70,"Timely Response","Late Resubmission"))),"") | AD70: =IF(AC70="Late Resubmission",IF(AB70="","",AB70-AA70),IF(AC70="Not submit yet",IF(AA70="","",$J$1-AA70),"")) | AE70: 10/1/2025 Update | AG70: =IF(AND(RIGHT($E70,1)>="A",RIGHT($E70,1)<="Z"),LEFT($E70,LEN($E70)-1),$E70) -> LTIA-5.11-LTICT-72110-RFA-MAS-0001 | AH70: {=$E70=_xlfn.XLOOKUP( AG70, _xlfn._xlws.FILTER($AG$7:$AG$4572,$L$7:$L$4572<>"X"), _xlfn._xlws.FILTER($E$7:$E$4572,$L$7:$L$4572<>"X"), "", 0, -1 )} -> TRUE | AI70: =IF($AH70,IF(OR($R70="B",$R70="C"),"YES",IF($R70="",IF(OR($I70="B",$I70="C"),"YES",""),"")),"")
A71: =A70+1 -> 65 | B71: =MID(E71, FIND("-", E71) + 1, 4) -> 5.11 | C71: SCS | D71: MAS | E71: LTIA-5.11-LTICT-72110-RFA-MAS-0002 | F71: =IF($U71=0,$T71+22,$U71+21) -> 45999 | G71: Request for approval of list material and equiment for Structured Cable System (SCS) | H71: Đề nghị phê duyệt danh mục vật tư và thiết bị cho Hệ thống cấu trúc cáp mạng (SCS) | I71: A | J71: =MAX(0, IF(ISBLANK($W71), _xlfn.DAYS($J$1,$U71), _xlfn.DAYS($W71,$U71))) -> 0 | K71: =IF(($J71-21)>0,$J71-21,0) -> 0 | M71: Link | N71: Link | O71: Link | P71: Link | Q71: Link | R71: A | S71: 45910 | T71: 45888 | U71: 45978 | V71: 45922 | W71: 45940 | X71: Mr Phong + Kuroda | Y71: 45930 | AA71: =IF(AND($R71="",$I71=""),"",IF(OR($R71="B",$R71="C"),IF($Z71<>"",$Z71+7,IF($Y71<>"",$Y71+8,"")),IF($R71="",IF(OR($I71="B",$I71="C"),IF($W71<>"",$W71+7,IF($V71<>"",$V71+8,""))),""))) | AC71: =IF(OR($R71="B",$R71="C"),IF($AA71="","",IF($AB71="",IF($AA71>=$J$1,"In progress","Not submit yet"),IF($AA71>=$AB71,"Timely Response","Late Resubmission"))),"") | AD71: =IF(AC71="Late Resubmission",IF(AB71="","",AB71-AA71),IF(AC71="Not submit yet",IF(AA71="","",$J$1-AA71),"")) | AE71: 10/1/2025 Update 11/17/2025 Update | AG71: =IF(AND(RIGHT($E71,1)>="A",RIGHT($E71,1)<="Z"),LEFT($E71,LEN($E71)-1),$E71) -> LTIA-5.11-LTICT-72110-RFA-MAS-0002 | AH71: {=$E71=_xlfn.XLOOKUP( AG71, _xlfn._xlws.FILTER($AG$7:$AG$4572,$L$7:$L$4572<>"X"), _xlfn._xlws.FILTER($E$7:$E$4572,$L$7:$L$4572<>"X"), "", 0, -1 )} -> TRUE | AI71: =IF($AH71,IF(OR($R71="B",$R71="C"),"YES",IF($R71="",IF(OR($I71="B",$I71="C"),"YES",""),"")),"")
A72: =A71+1 -> 66 | B72: =MID(E72, FIND("-", E72) + 1, 4) -> 5.11 | C72: CCTV | D72: MAS | E72: LTIA-5.11-LTICT-72120-RFA-MAS-0003 | F72: =IF($U72=0,$T72+22,$U72+21) -> 45988 | G72: Request for approval of list material and equiment for CCTV | H72: Đề nghị phê duyệt danh mục vật tư và thiết bị cho Hệ thống camera giám sát (CCTV) | I72: A | J72: =MAX(0, IF(ISBLANK($W72), _xlfn.DAYS($J$1,$U72), _xlfn.DAYS($W72,$U72))) -> 46 | K72: =IF(($J72-21)>0,$J72-21,0) -> 25 | M72: Link | N72: Link | O72: Link | P72: Link | Q72: Link | R72: A | S72: 45940 | T72: 45940 | U72: 45967 | V72: 45953 | W72: 46013 | X72: Mr Phong + Long + Kuroda | Y72: 45955 | AA72: =IF(AND($R72="",$I72=""),"",IF(OR($R72="B",$R72="C"),IF($Z72<>"",$Z72+7,IF($Y72<>"",$Y72+8,"")),IF($R72="",IF(OR($I72="B",$I72="C"),IF($W72<>"",$W72+7,IF($V72<>"",$V72+8,""))),""))) | AC72: =IF(OR($R72="B",$R72="C"),IF($AA72="","",IF($AB72="",IF($AA72>=$J$1,"In progress","Not submit yet"),IF($AA72>=$AB72,"Timely Response","Late Resubmission"))),"") | AD72: =IF(AC72="Late Resubmission",IF(AB72="","",AB72-AA72),IF(AC72="Not submit yet",IF(AA72="","",$J$1-AA72),"")) | AE72: 10/16/2025: Đã comment 11/06/2025: Send comments to Contractor | AG72: =IF(AND(RIGHT($E72,1)>="A",RIGHT($E72,1)<="Z"),LEFT($E72,LEN($E72)-1),$E72) -> LTIA-5.11-LTICT-72120-RFA-MAS-0003 | AH72: {=$E72=_xlfn.XLOOKUP( AG72, _xlfn._xlws.FILTER($AG$7:$AG$4572,$L$7:$L$4572<>"X"), _xlfn._xlws.FILTER($E$7:$E$4572,$L$7:$L$4572<>"X"), "", 0, -1 )} -> TRUE | AI72: =IF($AH72,IF(OR($R72="B",$R72="C"),"YES",IF($R72="",IF(OR($I72="B",$I72="C"),"YES",""),"")),"")
A73: =A72+1 -> 67 | B73: =MID(E73, FIND("-", E73) + 1, 4) -> 5.11 | C73: AGAC | D73: MAS | E73: LTIA-5.11-LTICT-72120-RFA-MAS-0004 | F73: =IF($U73=0,$T73+22,$U73+21) -> 45999 | G73: Request for approval of list material and equiment for Automated Gate Access Control (AGAC) | H73: Đề nghị phê duyệt danh mục vật tư và thiết bị cho Hệ thống cửa truy cập tự động (AGAC) | I73: A | J73: =MAX(0, IF(ISBLANK($W73), _xlfn.DAYS($J$1,$U73), _xlfn.DAYS($W73,$U73))) -> 0 | K73: =IF(($J73-21)>0,$J73-21,0) -> 0 | M73: Link | N73: Link | O73: Link | P73: Link | Q73: Link | R73: A | S73: 45944 | T73: 45938 | U73: 45978 | V73: 45957 | W73: 45964 | X73: Mr Phong + Chiến + Kuroda | Y73: 45958 | AA73: =IF(AND($R73="",$I73=""),"",IF(OR($R73="B",$R73="C"),IF($Z73<>"",$Z73+7,IF($Y73<>"",$Y73+8,"")),IF($R73="",IF(OR($I73="B",$I73="C"),IF($W73<>"",$W73+7,IF($V73<>"",$V73+8,""))),""))) | AC73: =IF(OR($R73="B",$R73="C"),IF($AA73="","",IF($AB73="",IF($AA73>=$J$1,"In progress","Not submit yet"),IF($AA73>=$AB73,"Timely Response","Late Resubmission"))),"") | AD73: =IF(AC73="Late Resubmission",IF(AB73="","",AB73-AA73),IF(AC73="Not submit yet",IF(AA73="","",$J$1-AA73),"")) | AE73: 10/1/2025 Update 11/17/2025 Update | AG73: =IF(AND(RIGHT($E73,1)>="A",RIGHT($E73,1)<="Z"),LEFT($E73,LEN($E73)-1),$E73) -> LTIA-5.11-LTICT-72120-RFA-MAS-0004 | AH73: {=$E73=_xlfn.XLOOKUP( AG73, _xlfn._xlws.FILTER($AG$7:$AG$4572,$L$7:$L$4572<>"X"), _xlfn._xlws.FILTER($E$7:$E$4572,$L$7:$L$4572<>"X"), "", 0, -1 )} -> TRUE | AI73: =IF($AH73,IF(OR($R73="B",$R73="C"),"YES",IF($R73="",IF(OR($I73="B",$I73="C"),"YES",""),"")),"")
A74: =A73+1 -> 68 | B74: =MID(E74, FIND("-", E74) + 1, 4) -> 5.11 | C74: DCH | D74: MAS | E74: LTIA-5.11-LTICT-72040-RFA-MAS-0005 | F74: =IF($U74=0,$T74+22,$U74+21) -> 45951 | G74: Request for approval of list material and equiment for Data Communication Hardware (DCH). | H74: Đề nghị phê duyệt danh mục vật tư và thiết bị cho Thiết bị phần cứng truyền thông dữ liệu (DCH) | I74: A | J74: =MAX(0, IF(ISBLANK($W74), _xlfn.DAYS($J$1,$U74), _xlfn.DAYS($W74,$U74))) -> 1 | K74: =IF(($J74-21)>0,$J74-21,0) -> 0 | M74: Link | N74: Link | O74: Link | P74: Link | Q74: Link | R74: A | S74: 45915 | T74: 45909 | U74: 45930 | V74: 45919 | W74: 45931 | X74: Mr Phong + Kuroda | Y74: 45918 | Z74: 45957 | AA74: =IF(AND($R74="",$I74=""),"",IF(OR($R74="B",$R74="C"),IF($Z74<>"",$Z74+7,IF($Y74<>"",$Y74+8,"")),IF($R74="",IF(OR($I74="B",$I74="C"),IF($W74<>"",$W74+7,IF($V74<>"",$V74+8,""))),""))) | AC74: =IF(OR($R74="B",$R74="C"),IF($AA74="","",IF($AB74="",IF($AA74>=$J$1,"In progress","Not submit yet"),IF($AA74>=$AB74,"Timely Response","Late Resubmission"))),"") | AD74: =IF(AC74="Late Resubmission",IF(AB74="","",AB74-AA74),IF(AC74="Not submit yet",IF(AA74="","",$J$1-AA74),"")) | AE74: 9/30/2025 Update | AG74: =IF(AND(RIGHT($E74,1)>="A",RIGHT($E74,1)<="Z"),LEFT($E74,LEN($E74)-1),$E74) -> LTIA-5.11-LTICT-72040-RFA-MAS-0005 | AH74: {=$E74=_xlfn.XLOOKUP( AG74, _xlfn._xlws.FILTER($AG$7:$AG$4572,$L$7:$L$4572<>"X"), _xlfn._xlws.FILTER($E$7:$E$4572,$L$7:$L$4572<>"X"), "", 0, -1 )} -> TRUE | AI74: =IF($AH74,IF(OR($R74="B",$R74="C"),"YES",IF($R74="",IF(OR($I74="B",$I74="C"),"YES",""),"")),"")
A75: =A74+1 -> 69 | B75: =MID(E75, FIND("-", E75) + 1, 4) -> 5.11 | C75: DNE | D75: MAS | E75: LTIA-5.11-LTICT-72020-RFA-MAS-0006 | F75: =IF($U75=0,$T75+22,$U75+21) -> 45951 | G75: Request for approval of list material and equiment for Data Communication Network (DNE). | H75: Đề nghị phê duyệt danh mục vật tư và thiết bị cho Thiết bị mạng truyền thông dữ liệu (DNE) | I75: A | J75: =MAX(0, IF(ISBLANK($W75), _xlfn.DAYS($J$1,$U75), _xlfn.DAYS($W75,$U75))) -> 1 | K75: =IF(($J75-21)>0,$J75-21,0) -> 0 | M75: Link | N75: Link | O75: Link | P75: Link | Q75: Link | R75: A | S75: 45915 | T75: 45909 | U75: 45930 | V75: 45918 | W75: 45931 | X75: Mr Phong + Kuroda | Y75: 45918 | Z75: 45957 | AA75: =IF(AND($R75="",$I75=""),"",IF(OR($R75="B",$R75="C"),IF($Z75<>"",$Z75+7,IF($Y75<>"",$Y75+8,"")),IF($R75="",IF(OR($I75="B",$I75="C"),IF($W75<>"",$W75+7,IF($V75<>"",$V75+8,""))),""))) | AC75: =IF(OR($R75="B",$R75="C"),IF($AA75="","",IF($AB75="",IF($AA75>=$J$1,"In progress","Not submit yet"),IF($AA75>=$AB75,"Timely Response","Late Resubmission"))),"") | AD75: =IF(AC75="Late Resubmission",IF(AB75="","",AB75-AA75),IF(AC75="Not submit yet",IF(AA75="","",$J$1-AA75),"")) | AE75: 9/30/2025 Update | AG75: =IF(AND(RIGHT($E75,1)>="A",RIGHT($E75,1)<="Z"),LEFT($E75,LEN($E75)-1),$E75) -> LTIA-5.11-LTICT-72020-RFA-MAS-0006 | AH75: {=$E75=_xlfn.XLOOKUP( AG75, _xlfn._xlws.FILTER($AG$7:$AG$4572,$L$7:$L$4572<>"X"), _xlfn._xlws.FILTER($E$7:$E$4572,$L$7:$L$4572<>"X"), "", 0, -1 )} -> TRUE | AI75: =IF($AH75,IF(OR($R75="B",$R75="C"),"YES",IF($R75="",IF(OR($I75="B",$I75="C"),"YES",""),"")),"")
A76: =A75+1 -> 70 | B76: =MID(E76, FIND("-", E76) + 1, 4) -> 5.11 | C76: WDNE | D76: MAS | E76: LTIA-5.11-LTICT-72030-RFA-MAS-0007 | F76: =IF($U76=0,$T76+22,$U76+21) -> 45951 | G76: Request for approval of list material and equiment for Wireless Data Network Equipment (WDNE) | H76: Đề nghị phê duyệt danh mục vật tư và thiết bị cho Thiết bị mạng truyền thông dữ liệu không dây (WDNE) | I76: A | J76: =MAX(0, IF(ISBLANK($W76), _xlfn.DAYS($J$1,$U76), _xlfn.DAYS($W76,$U76))) -> 1 | K76: =IF(($J76-21)>0,$J76-21,0) -> 0 | M76: Link | N76: Link | O76: Link | P76: Link | Q76: Link | R76: A | S76: 45915 | T76: 45909 | U76: 45930 | V76: 45918 | W76: 45931 | X76: Mr Phong + Kuroda | Y76: 45918 | Z76: 45957 | AA76: =IF(AND($R76="",$I76=""),"",IF(OR($R76="B",$R76="C"),IF($Z76<>"",$Z76+7,IF($Y76<>"",$Y76+8,"")),IF($R76="",IF(OR($I76="B",$I76="C"),IF($W76<>"",$W76+7,IF($V76<>"",$V76+8,""))),""))) | AC76: =IF(OR($R76="B",$R76="C"),IF($AA76="","",IF($AB76="",IF($AA76>=$J$1,"In progress","Not submit yet"),IF($AA76>=$AB76,"Timely Response","Late Resubmission"))),"") | AD76: =IF(AC76="Late Resubmission",IF(AB76="","",AB76-AA76),IF(AC76="Not submit yet",IF(AA76="","",$J$1-AA76),"")) | AE76: 9/30/2025 Update | AG76: =IF(AND(RIGHT($E76,1)>="A",RIGHT($E76,1)<="Z"),LEFT($E76,LEN($E76)-1),$E76) -> LTIA-5.11-LTICT-72030-RFA-MAS-0007 | AH76: {=$E76=_xlfn.XLOOKUP( AG76, _xlfn._xlws.FILTER($AG$7:$AG$4572,$L$7:$L$4572<>"X"), _xlfn._xlws.FILTER($E$7:$E$4572,$L$7:$L$4572<>"X"), "", 0, -1 )} -> TRUE | AI76: =IF($AH76,IF(OR($R76="B",$R76="C"),"YES",IF($R76="",IF(OR($I76="B",$I76="C"),"YES",""),"")),"")
A77: =A76+1 -> 71 | B77: =MID(E77, FIND("-", E77) + 1, 4) -> 5.11 | C77: TOIP | D77: MAS | E77: LTIA-5.11-LTICT-72090-RFA-MAS-0008 | F77: =IF($U77=0,$T77+22,$U77+21) -> 45992 | G77: Request for approval of list material and equiment for Telephone Over IP (TOIP) | H77: Đề nghị phê duyệt danh mục vật tư và thiết bị cho Hệ thống điện thoại IP (TOIP) | I77: A | J77: =MAX(0, IF(ISBLANK($W77), _xlfn.DAYS($J$1,$U77), _xlfn.DAYS($W77,$U77))) -> 0 | K77: =IF(($J77-21)>0,$J77-21,0) -> 0 | M77: Link | N77: Link | O77: Link | P77: Link | Q77: Link | R77: A | S77: 45910 | T77: 45888 | U77: 45971 | V77: 45923 | W77: 45940 | X77: Mr Phong + Kuroda | Y77: 45930 | Z77: 45940 | AA77: =IF(AND($R77="",$I77=""),"",IF(OR($R77="B",$R77="C"),IF($Z77<>"",$Z77+7,IF($Y77<>"",$Y77+8,"")),IF($R77="",IF(OR($I77="B",$I77="C"),IF($W77<>"",$W77+7,IF($V77<>"",$V77+8,""))),""))) | AC77: =IF(OR($R77="B",$R77="C"),IF($AA77="","",IF($AB77="",IF($AA77>=$J$1,"In progress","Not submit yet"),IF($AA77>=$AB77,"Timely Response","Late Resubmission"))),"") | AD77: =IF(AC77="Late Resubmission",IF(AB77="","",AB77-AA77),IF(AC77="Not submit yet",IF(AA77="","",$J$1-AA77),"")) | AE77: 10/1/2025 Update 11/10/2025 Update | AG77: =IF(AND(RIGHT($E77,1)>="A",RIGHT($E77,1)<="Z"),LEFT($E77,LEN($E77)-1),$E77) -> LTIA-5.11-LTICT-72090-RFA-MAS-0008 | AH77: {=$E77=_xlfn.XLOOKUP( AG77, _xlfn._xlws.FILTER($AG$7:$AG$4572,$L$7:$L$4572<>"X"), _xlfn._xlws.FILTER($E$7:$E$4572,$L$7:$L$4572<>"X"), "", 0, -1 )} -> TRUE | AI77: =IF($AH77,IF(OR($R77="B",$R77="C"),"YES",IF($R77="",IF(OR($I77="B",$I77="C"),"YES",""),"")),"")
A78: =A77+1 -> 72 | B78: =MID(E78, FIND("-", E78) + 1, 4) -> 5.11 | C78: PMR | D78: MAS | E78: LTIA-5.11-LTICT-72120-RFA-MAS-0009 | F78: =IF($U78=0,$T78+22,$U78+21) -> 45965 | G78: Request for approval of list material and equiment for Professional Mobile Radio (PMR) | H78: Đề nghị phê duyệt danh mục vật tư và thiết bị cho Hệ thống bộ đàm (PMR) | I78: A | J78: =MAX(0, IF(ISBLANK($W78), _xlfn.DAYS($J$1,$U78), _xlfn.DAYS($W78,$U78))) -> 21 | K78: =IF(($J78-21)>0,$J78-21,0) -> 0 | M78: Link | N78: Link | O78: Link | P78: Link | Q78: Link | R78: A | S78: 45944 | T78: 45938 | U78: 45944 | V78: 45957 | W78: 45965 | X78: Mr Phong + Chiến + Kuroda | Y78: 45958 | AA78: =IF(AND($R78="",$I78=""),"",IF(OR($R78="B",$R78="C"),IF($Z78<>"",$Z78+7,IF($Y78<>"",$Y78+8,"")),IF($R78="",IF(OR($I78="B",$I78="C"),IF($W78<>"",$W78+7,IF($V78<>"",$V78+8,""))),""))) | AC78: =IF(OR($R78="B",$R78="C"),IF($AA78="","",IF($AB78="",IF($AA78>=$J$1,"In progress","Not submit yet"),IF($AA78>=$AB78,"Timely Response","Late Resubmission"))),"") | AD78: =IF(AC78="Late Resubmission",IF(AB78="","",AB78-AA78),IF(AC78="Not submit yet",IF(AA78="","",$J$1-AA78),"")) | AE78: 10/14/2025 Update | AG78: =IF(AND(RIGHT($E78,1)>="A",RIGHT($E78,1)<="Z"),LEFT($E78,LEN($E78)-1),$E78) -> LTIA-5.11-LTICT-72120-RFA-MAS-0009 | AH78: {=$E78=_xlfn.XLOOKUP( AG78, _xlfn._xlws.FILTER($AG$7:$AG$4572,$L$7:$L$4572<>"X"), _xlfn._xlws.FILTER($E$7:$E$4572,$L$7:$L$4572<>"X"), "", 0, -1 )} -> TRUE | AI78: =IF($AH78,IF(OR($R78="B",$R78="C"),"YES",IF($R78="",IF(OR($I78="B",$I78="C"),"YES",""),"")),"")
A79: =A78+1 -> 73 | B79: =MID(E79, FIND("-", E79) + 1, 4) -> 5.11 | C79: PPS | D79: MAS | E79: LTIA-5.11-LTICT-71000-RFA-MAS-0010 | F79: =IF($U79=0,$T79+22,$U79+21) -> 46069 | G79: Request for approval of list material and equiment for Passenger Processing System (PPS) | H79: Đề nghị phê duyệt danh mục vật tư và thiết bị cho Hệ thống xử lý hành khách (PPS) | I79: A | J79: =MAX(0, IF(ISBLANK($W79), _xlfn.DAYS($J$1,$U79), _xlfn.DAYS($W79,$U79))) -> 2 | K79: =IF(($J79-21)>0,$J79-21,0) -> 0 | M79: Link | N79: Link | O79: Link | P79: Link | S79: 45947 | T79: 45946 | U79: 46048 | V79: 46050 | W79: 46050 | X79: Mr Phong + Chiến + Kuroda | AA79: =IF(AND($R79="",$I79=""),"",IF(OR($R79="B",$R79="C"),IF($Z79<>"",$Z79+7,IF($Y79<>"",$Y79+8,"")),IF($R79="",IF(OR($I79="B",$I79="C"),IF($W79<>"",$W79+7,IF($V79<>"",$V79+8,""))),""))) -> FALSE | AC79: =IF(OR($R79="B",$R79="C"),IF($AA79="","",IF($AB79="",IF($AA79>=$J$1,"In progress","Not submit yet"),IF($AA79>=$AB79,"Timely Response","Late Resubmission"))),"") | AD79: =IF(AC79="Late Resubmission",IF(AB79="","",AB79-AA79),IF(AC79="Not submit yet",IF(AA79="","",$J$1-AA79),"")) | AE79: 11/18/2025: Reject 11/18/2025: Send comments to Contractor 11/25/2025 Upgrade 12/16/2025: Reject 1/16/2026 Upgrade 1/20/2026: Đã comment 2/9/2026: duyệt A (tách phần mềm ra trình riêng) | AG79: =IF(AND(RIGHT($E79,1)>="A",RIGHT($E79,1)<="Z"),LEFT($E79,LEN($E79)-1),$E79) -> LTIA-5.11-LTICT-71000-RFA-MAS-0010 | AH79: {=$E79=_xlfn.XLOOKUP( AG79, _xlfn._xlws.FILTER($AG$7:$AG$4572,$L$7:$L$4572<>"X"), _xlfn._xlws.FILTER($E$7:$E$4572,$L$7:$L$4572<>"X"), "", 0, -1 )} -> TRUE | AI79: =IF($AH79,IF(OR($R79="B",$R79="C"),"YES",IF($R79="",IF(OR($I79="B",$I79="C"),"YES",""),"")),"")
A80: =A79+1 -> 74 | B80: =MID(E80, FIND("-", E80) + 1, 4) -> 5.11 | C80: TOLL | D80: MAS | E80: LTIA-5.11-LTICT-71110-RFA-MAS-0011 | F80: =IF($U80=0,$T80+22,$U80+21) -> 46072 | G80: Request for approval of list material and equipment for Toll collection system | H80: Đề nghị phê duyệt danh mục vật tư và thiết bị cho Hệ thống thu phí | I80: A | J80: =MAX(0, IF(ISBLANK($W80), _xlfn.DAYS($J$1,$U80), _xlfn.DAYS($W80,$U80))) -> 13 | K80: =IF(($J80-21)>0,$J80-21,0) -> 0 | M80: Link | N80: Link | O80: Link | P80: Link | S80: 46051 | T80: 45940 | U80: 46051 | V80: 46064 | W80: 46064 | X80: Mr Phong + Chiến + Kuroda | AA80: =IF(AND($R80="",$I80=""),"",IF(OR($R80="B",$R80="C"),IF($Z80<>"",$Z80+7,IF($Y80<>"",$Y80+8,"")),IF($R80="",IF(OR($I80="B",$I80="C"),IF($W80<>"",$W80+7,IF($V80<>"",$V80+8,""))),""))) -> FALSE | AC80: =IF(OR($R80="B",$R80="C"),IF($AA80="","",IF($AB80="",IF($AA80>=$J$1,"In progress","Not submit yet"),IF($AA80>=$AB80,"Timely Response","Late Resubmission"))),"") | AD80: =IF(AC80="Late Resubmission",IF(AB80="","",AB80-AA80),IF(AC80="Not submit yet",IF(AA80="","",$J$1-AA80),"")) | AE80: 10/23/2025: Đã comment 11/17/2025 Upgrade 11/27/2025: Send comments to Contractor 12/15/2025 Upgrade 2/9/2026: duyệt A (tách phần mềm ra trình riêng) 7/13/2026 Update => 5 mục vật tư chuyển sang MAS-0018 | AG80: =IF(AND(RIGHT($E80,1)>="A",RIGHT($E80,1)<="Z"),LEFT($E80,LEN($E80)-1),$E80) -> LTIA-5.11-LTICT-71110-RFA-MAS-0011 | AH80: {=$E80=_xlfn.XLOOKUP( AG80, _xlfn._xlws.FILTER($AG$7:$AG$4572,$L$7:$L$4572<>"X"), _xlfn._xlws.FILTER($E$7:$E$4572,$L$7:$L$4572<>"X"), "", 0, -1 )} -> TRUE | AI80: =IF($AH80,IF(OR($R80="B",$R80="C"),"YES",IF($R80="",IF(OR($I80="B",$I80="C"),"YES",""),"")),"")
A81: =A80+1 -> 75 | B81: =MID(E81, FIND("-", E81) + 1, 4) -> 5.11 | C81: Smart Parking | D81: MAS | E81: LTIA-5.11-LTICT-72190-RFA-MAS-0012 | F81: =IF($U81=0,$T81+22,$U81+21) -> 46029 | G81: Request for approval of list material and equipment for Smart Parking system | H81: Đề nghị phê duyệt danh mục vật tư và thiết bị cho Hệ thống quản lý bãi đậu xe thông minh (Smart parking) | I81: A | J81: =MAX(0, IF(ISBLANK($W81), _xlfn.DAYS($J$1,$U81), _xlfn.DAYS($W81,$U81))) -> 41 | K81: =IF(($J81-21)>0,$J81-21,0) -> 20 | M81: Link | N81: Link | S81: 45940 | T81: 45940 | U81: 46008 | V81: 46049 | W81: 46049 | X81: Mr Phong + Kuroda | AA81: =IF(AND($R81="",$I81=""),"",IF(OR($R81="B",$R81="C"),IF($Z81<>"",$Z81+7,IF($Y81<>"",$Y81+8,"")),IF($R81="",IF(OR($I81="B",$I81="C"),IF($W81<>"",$W81+7,IF($V81<>"",$V81+8,""))),""))) -> FALSE | AC81: =IF(OR($R81="B",$R81="C"),IF($AA81="","",IF($AB81="",IF($AA81>=$J$1,"In progress","Not submit yet"),IF($AA81>=$AB81,"Timely Response","Late Resubmission"))),"") | AD81: =IF(AC81="Late Resubmission",IF(AB81="","",AB81-AA81),IF(AC81="Not submit yet",IF(AA81="","",$J$1-AA81),"")) | AE81: 10/24/2025: Đã comment 11/25/2025 Upgrade 11/27/2025: Send comments to Contractor 12/4/2025 Upgrade 12/17/2025 Upgrade 1/27/2026: duyệt A (tách phần mềm ra trình riêng) | AG81: =IF(AND(RIGHT($E81,1)>="A",RIGHT($E81,1)<="Z"),LEFT($E81,LEN($E81)-1),$E81) -> LTIA-5.11-LTICT-72190-RFA-MAS-0012 | AH81: {=$E81=_xlfn.XLOOKUP( AG81, _xlfn._xlws.FILTER($AG$7:$AG$4572,$L$7:$L$4572<>"X"), _xlfn._xlws.FILTER($E$7:$E$4572,$L$7:$L$4572<>"X"), "", 0, -1 )} -> TRUE | AI81: =IF($AH81,IF(OR($R81="B",$R81="C"),"YES",IF($R81="",IF(OR($I81="B",$I81="C"),"YES",""),"")),"")
A82: =A81+1 -> 76 | B82: =MID(E82, FIND("-", E82) + 1, 4) -> 5.11 | C82: DNE | D82: MAS | E82: LTIA-5.11-LTICT-72010-RFA-MAS-0013 | F82: =IF($U82=0,$T82+22,$U82+21) -> 46001 | G82: Request for approval of list material and equipment for Data Communication Network (DNE). | H82: Đề nghị phê duyệt danh mục vật tư và thiết bị cho Thiết bị mạng truyền thông dữ liệu (DNE) | I82: A | J82: =MAX(0, IF(ISBLANK($W82), _xlfn.DAYS($J$1,$U82), _xlfn.DAYS($W82,$U82))) -> 21 | K82: =IF(($J82-21)>0,$J82-21,0) -> 0 | M82: Link | N82: Link | O82: Link | P82: Link | Q82: Link | R82: A | S82: 45980 | T82: 45980 | U82: 45980 | V82: 46001 | W82: 46001 | X82: Mr Phong + Kuroda | Y82: 46002 | AA82: =IF(AND($R82="",$I82=""),"",IF(OR($R82="B",$R82="C"),IF($Z82<>"",$Z82+7,IF($Y82<>"",$Y82+8,"")),IF($R82="",IF(OR($I82="B",$I82="C"),IF($W82<>"",$W82+7,IF($V82<>"",$V82+8,""))),""))) | AC82: =IF(OR($R82="B",$R82="C"),IF($AA82="","",IF($AB82="",IF($AA82>=$J$1,"In progress","Not submit yet"),IF($AA82>=$AB82,"Timely Response","Late Resubmission"))),"") | AD82: =IF(AC82="Late Resubmission",IF(AB82="","",AB82-AA82),IF(AC82="Not submit yet",IF(AA82="","",$J$1-AA82),"")) | AE82: 11/25/2025: Đã comment 11/27/2025: Send comments to Contractor 12/1/2025 Upgrade | AG82: =IF(AND(RIGHT($E82,1)>="A",RIGHT($E82,1)<="Z"),LEFT($E82,LEN($E82)-1),$E82) -> LTIA-5.11-LTICT-72010-RFA-MAS-0013 | AH82: {=$E82=_xlfn.XLOOKUP( AG82, _xlfn._xlws.FILTER($AG$7:$AG$4572,$L$7:$L$4572<>"X"), _xlfn._xlws.FILTER($E$7:$E$4572,$L$7:$L$4572<>"X"), "", 0, -1 )} -> TRUE | AI82: =IF($AH82,IF(OR($R82="B",$R82="C"),"YES",IF($R82="",IF(OR($I82="B",$I82="C"),"YES",""),"")),"")
A83: =A82+1 -> 77 | B83: =MID(E83, FIND("-", E83) + 1, 4) -> 5.11 | D83: MAS | E83: LTIA-5.11LTICT-RFA-MAS-ACCESSORIES-001 | G83: Request for Approval of Materials and Accessories Submittal for PPS, IPTV, WDNE, ToIP, CCTV and PMR Systems | H83: Đề nghị phê duyệt danh mục vật tư và phụ kiện cho các hệ thống PPS, IPTV, WDNE, ToIP, CCTV và PMR | L83: X | M83: Link | N83: Link | S83: 46091 | T83: 46091 | U83: 46091 | AA83: =IF(AND($R83="",$I83=""),"",IF(OR($R83="B",$R83="C"),IF($Z83<>"",$Z83+7,IF($Y83<>"",$Y83+8,"")),IF($R83="",IF(OR($I83="B",$I83="C"),IF($W83<>"",$W83+7,IF($V83<>"",$V83+8,""))),""))) | AC83: =IF(OR($R83="B",$R83="C"),IF($AA83="","",IF($AB83="",IF($AA83>=$J$1,"In progress","Not submit yet"),IF($AA83>=$AB83,"Timely Response","Late Resubmission"))),"") | AD83: =IF(AC83="Late Resubmission",IF(AB83="","",AB83-AA83),IF(AC83="Not submit yet",IF(AA83="","",$J$1-AA83),"")) | AE83: Withdraw 4/23/2026 Update => MAS-0014 | AG83: =IF(AND(RIGHT($E83,1)>="A",RIGHT($E83,1)<="Z"),LEFT($E83,LEN($E83)-1),$E83) -> LTIA-5.11LTICT-RFA-MAS-ACCESSORIES-001 | AH83: {=$E83=_xlfn.XLOOKUP( AG83, _xlfn._xlws.FILTER($AG$7:$AG$4572,$L$7:$L$4572<>"X"), _xlfn._xlws.FILTER($E$7:$E$4572,$L$7:$L$4572<>"X"), "", 0, -1 )} -> FALSE | AI83: =IF($AH83,IF(OR($R83="B",$R83="C"),"YES",IF($R83="",IF(OR($I83="B",$I83="C"),"YES",""),"")),"")
A84: =A83+1 -> 78 | B84: =MID(E84, FIND("-", E84) + 1, 4) -> 5.11 | D84: MAS | E84: LTIA-5.11-LTICT-RFA-MAS-0014 | F84: =IF($U84=0,$T84+22,$U84+21) -> 46210 | G84: Request for Approval of Materials and Accessories Submittal for PPS, IPTV, WDNE, ToIP, CCTV and PMR Systems | H84: Đề nghị phê duyệt danh mục vật tư và phụ kiện cho các hệ thống PPS, IPTV, WDNE, ToIP, CCTV và PMR | I84: B | J84: =IF(ISBLANK($W84),_xlfn.DAYS($J$1,$U84),_xlfn.DAYS($W84,$U84)) -> 8 | K84: =IF(($J84-21)>0,$J84-21,0) -> 0 | L84: X | M84: Link | N84: Link | O84: Link | P84: Link | S84: 46147 | T84: 46135 | U84: 46189 | V84: 46197 | W84: 46197 | X84: Mr Cường + Kuroda | AA84: =IF(AND($R84="",$I84=""),"",IF(OR($R84="B",$R84="C"),IF($Z84<>"",$Z84+7,IF($Y84<>"",$Y84+8,"")),IF($R84="",IF(OR($I84="B",$I84="C"),IF($W84<>"",$W84+7,IF($V84<>"",$V84+8,""))),""))) -> 46204 | AC84: =IF(OR($R84="B",$R84="C"),IF($AA84="","",IF($AB84="",IF($AA84>=$J$1,"In progress","Not submit yet"),IF($AA84>=$AB84,"Timely Response","Late Resubmission"))),"") | AD84: =IF(AC84="Late Resubmission",IF(AB84="","",AB84-AA84),IF(AC84="Not submit yet",IF(AA84="","",$J$1-AA84),"")) | AE84: Withdraw 29/5/2026 JAC Đã gửi comments qua mail cho nhà thầu điều chỉnh 6/1/2026 Update 6/16/2026 Update 7/3/2026 Họp bên PNCN1 => bộ này sẽ withdraw => mockup và biên bản thi công hiện trường 7/7/2026 Withdraw | AG84: =IF(AND(RIGHT($E84,1)>="A",RIGHT($E84,1)<="Z"),LEFT($E84,LEN($E84)-1),$E84) -> LTIA-5.11-LTICT-RFA-MAS-0014 | AH84: {=$E84=_xlfn.XLOOKUP( AG84, _xlfn._xlws.FILTER($AG$7:$AG$4572,$L$7:$L$4572<>"X"), _xlfn._xlws.FILTER($E$7:$E$4572,$L$7:$L$4572<>"X"), "", 0, -1 )} -> FALSE | AI84: =IF($AH84,IF(OR($R84="B",$R84="C"),"YES",IF($R84="",IF(OR($I84="B",$I84="C"),"YES",""),"")),"")
A85: =A84+1 -> 79 | B85: =MID(E85, FIND("-", E85) + 1, 4) -> 5.11 | C85: CCTV | D85: MAS | E85: LTIA-5.11-LTICT-72102-RFA-MAS-0015 | F85: =IF($U85=0,$T85+22,$U85+21) -> 46155 | G85: Request for approval of list material and equiment for CCTV | H85: Đề nghị phê duyệt danh mục vật tư và thiết bị cho Hệ thống camera giám sát (CCTV) | I85: A | J85: =IF(ISBLANK($W85),_xlfn.DAYS($J$1,$U85),_xlfn.DAYS($W85,$U85)) -> 13 | K85: =IF(($J85-21)>0,$J85-21,0) -> 0 | M85: Link | N85: Link | O85: Link | P85: Link | Q85: Link | R85: A | S85: 46134 | T85: 46134 | U85: 46134 | V85: 46147 | W85: 46147 | X85: Mr Phong + Kuroda | Y85: 46153 | AA85: =IF(AND($R85="",$I85=""),"",IF(OR($R85="B",$R85="C"),IF($Z85<>"",$Z85+7,IF($Y85<>"",$Y85+8,"")),IF($R85="",IF(OR($I85="B",$I85="C"),IF($W85<>"",$W85+7,IF($V85<>"",$V85+8,""))),""))) | AB85: 46185 | AC85: =IF(OR($R85="B",$R85="C"),IF($AA85="","",IF($AB85="",IF($AA85>=$J$1,"In progress","Not submit yet"),IF($AA85>=$AB85,"Timely Response","Late Resubmission"))),"") | AD85: =IF(AC85="Late Resubmission",IF(AB85="","",AB85-AA85),IF(AC85="Not submit yet",IF(AA85="","",$J$1-AA85),"")) | AE85: 4/24/2026: Đã duyệt A 5/24/2026: Updated Đang chờ nhà thầu yêu cầu nhà cung cấp phát hành thư đảm bảo support đến 10 năm 6/12/2026 Updated => 0015A 7/27/2026: đã ký A | AG85: =IF(AND(RIGHT($E85,1)>="A",RIGHT($E85,1)<="Z"),LEFT($E85,LEN($E85)-1),$E85) -> LTIA-5.11-LTICT-72102-RFA-MAS-0015 | AH85: {=$E85=_xlfn.XLOOKUP( AG85, _xlfn._xlws.FILTER($AG$7:$AG$4572,$L$7:$L$4572<>"X"), _xlfn._xlws.FILTER($E$7:$E$4572,$L$7:$L$4572<>"X"), "", 0, -1 )} -> TRUE | AI85: =IF($AH85,IF(OR($R85="B",$R85="C"),"YES",IF($R85="",IF(OR($I85="B",$I85="C"),"YES",""),"")),"")
A86: =A85+1 -> 80 | B86: =MID(E86, FIND("-", E86) + 1, 4) -> 5.11 | C86: TOLL | D86: MAS | E86: LTIA-5.11-LTICT-71110-RFA-MAS-0016 | F86: =IF($U86=0,$T86+22,$U86+21) -> 46183 | G86: Request for approval of list material and equipment for Toll collection system | H86: Đề nghị phê duyệt danh mục vật tư và thiết bị cho Hệ thống thu phí | I86: A | J86: =IF(ISBLANK($W86),_xlfn.DAYS($J$1,$U86),_xlfn.DAYS($W86,$U86)) -> 12 | K86: =IF(($J86-21)>0,$J86-21,0) -> 0 | M86: Link | N86: Link | O86: Link | P86: Link | S86: 46162 | T86: 46161 | U86: 46162 | V86: 46174 | W86: 46174 | X86: Mr Phong + Kuroda | AA86: =IF(AND($R86="",$I86=""),"",IF(OR($R86="B",$R86="C"),IF($Z86<>"",$Z86+7,IF($Y86<>"",$Y86+8,"")),IF($R86="",IF(OR($I86="B",$I86="C"),IF($W86<>"",$W86+7,IF($V86<>"",$V86+8,""))),""))) -> FALSE | AC86: =IF(OR($R86="B",$R86="C"),IF($AA86="","",IF($AB86="",IF($AA86>=$J$1,"In progress","Not submit yet"),IF($AA86>=$AB86,"Timely Response","Late Resubmission"))),"") | AD86: =IF(AC86="Late Resubmission",IF(AB86="","",AB86-AA86),IF(AC86="Not submit yet",IF(AA86="","",$J$1-AA86),"")) | AE86: 5/22/2026: Đã ký A 7/13/2026: PMU mất hồ sơ nhờ ký lại | AG86: =IF(AND(RIGHT($E86,1)>="A",RIGHT($E86,1)<="Z"),LEFT($E86,LEN($E86)-1),$E86) -> LTIA-5.11-LTICT-71110-RFA-MAS-0016 | AH86: {=$E86=_xlfn.XLOOKUP( AG86, _xlfn._xlws.FILTER($AG$7:$AG$4572,$L$7:$L$4572<>"X"), _xlfn._xlws.FILTER($E$7:$E$4572,$L$7:$L$4572<>"X"), "", 0, -1 )} -> TRUE | AI86: =IF($AH86,IF(OR($R86="B",$R86="C"),"YES",IF($R86="",IF(OR($I86="B",$I86="C"),"YES",""),"")),"")
A87: =A86+1 -> 81 | B87: =MID(E87, FIND("-", E87) + 1, 4) -> 5.11 | C87: PPS | D87: MAS | E87: LTIA-5.11-LTICT-71000-RFA-MAS-0017 | G87: Request for approval of list material and equiment for Passenger Processing System (PPS) | H87: Đề nghị phê duyệt danh mục vật tư và thiết bị cho Hệ thống xử lý hành khách (PPS) | L87: X | M87: Link | N87: Link | S87: 46166 | T87: 46166 | U87: 46166 | AA87: =IF(AND($R87="",$I87=""),"",IF(OR($R87="B",$R87="C"),IF($Z87<>"",$Z87+7,IF($Y87<>"",$Y87+8,"")),IF($R87="",IF(OR($I87="B",$I87="C"),IF($W87<>"",$W87+7,IF($V87<>"",$V87+8,""))),""))) | AB87: 46185 | AC87: =IF(OR($R87="B",$R87="C"),IF($AA87="","",IF($AB87="",IF($AA87>=$J$1,"In progress","Not submit yet"),IF($AA87>=$AB87,"Timely Response","Late Resubmission"))),"") | AD87: =IF(AC87="Late Resubmission",IF(AB87="","",AB87-AA87),IF(AC87="Not submit yet",IF(AA87="","",$J$1-AA87),"")) | AE87: 6/12/2026 Updated => 0017A | AG87: =IF(AND(RIGHT($E87,1)>="A",RIGHT($E87,1)<="Z"),LEFT($E87,LEN($E87)-1),$E87) -> LTIA-5.11-LTICT-71000-RFA-MAS-0017 | AH87: {=$E87=_xlfn.XLOOKUP( AG87, _xlfn._xlws.FILTER($AG$7:$AG$4572,$L$7:$L$4572<>"X"), _xlfn._xlws.FILTER($E$7:$E$4572,$L$7:$L$4572<>"X"), "", 0, -1 )} -> FALSE | AI87: =IF($AH87,IF(OR($R87="B",$R87="C"),"YES",IF($R87="",IF(OR($I87="B",$I87="C"),"YES",""),"")),"")
A88: =A87+1 -> 82 | B88: =MID(E88, FIND("-", E88) + 1, 4) -> 5.11 | D88: GEN | E88: LTIA-5.11-LTICT-10000-RFA-GEN-0001 | F88: =IF($U88=0,$T88+22,$U88+21) -> 45930 | G88: Request for approval of the Quality Control Plan | H88: Yêu cầu phê duyệt Kế hoạch quản lý chất lượng | I88: A | J88: =IF(ISBLANK($W88),_xlfn.DAYS($J$1,$U88),_xlfn.DAYS($W88,$U88)) -> 13 | K88: =IF(($J88-21)>0,$J88-21,0) -> 0 | M88: Link | N88: Link | O88: Link | P88: Link | Q88: Link | R88: A | S88: 45909 | T88: 45909 | U88: 45909 | V88: 45922 | W88: 45922 | X88: Mr Phong + Tiệp | Y88: 45924 | AA88: =IF(AND($R88="",$I88=""),"",IF(OR($R88="B",$R88="C"),IF($Z88<>"",$Z88+7,IF($Y88<>"",$Y88+8,"")),IF($R88="",IF(OR($I88="B",$I88="C"),IF($W88<>"",$W88+7,IF($V88<>"",$V88+8,""))),""))) | AC88: =IF(OR($R88="B",$R88="C"),IF($AA88="","",IF($AB88="",IF($AA88>=$J$1,"In progress","Not submit yet"),IF($AA88>=$AB88,"Timely Response","Late Resubmission"))),"") | AD88: =IF(AC88="Late Resubmission",IF(AB88="","",AB88-AA88),IF(AC88="Not submit yet",IF(AA88="","",$J$1-AA88),"")) | AG88: =IF(AND(RIGHT($E88,1)>="A",RIGHT($E88,1)<="Z"),LEFT($E88,LEN($E88)-1),$E88) -> LTIA-5.11-LTICT-10000-RFA-GEN-0001 | AH88: {=$E88=_xlfn.XLOOKUP( AG88, _xlfn._xlws.FILTER($AG$7:$AG$4572,$L$7:$L$4572<>"X"), _xlfn._xlws.FILTER($E$7:$E$4572,$L$7:$L$4572<>"X"), "", 0, -1 )} -> TRUE | AI88: =IF($AH88,IF(OR($R88="B",$R88="C"),"YES",IF($R88="",IF(OR($I88="B",$I88="C"),"YES",""),"")),"")
A89: =A88+1 -> 83 | B89: =MID(E89, FIND("-", E89) + 1, 4) -> 5.11 | D89: GEN | E89: LTIA-5.11-LTICT-10000-RFA-GEN-0002 | F89: =IF($U89=0,$T89+22,$U89+21) -> 45930 | G89: Request for approval of the Communication plan for the project | H89: Yêu cầu phê duyệt kế hoạch giao tiếp tại dự án | I89: A | J89: =IF(ISBLANK($W89),_xlfn.DAYS($J$1,$U89),_xlfn.DAYS($W89,$U89)) -> 13 | K89: =IF(($J89-21)>0,$J89-21,0) -> 0 | M89: Link | N89: Link | O89: Link | P89: Link | Q89: Link | R89: A | S89: 45909 | T89: 45909 | U89: 45909 | V89: 45922 | W89: 45922 | X89: Mr Phong + Tùng + Tiệp | Y89: 45924 | AA89: =IF(AND($R89="",$I89=""),"",IF(OR($R89="B",$R89="C"),IF($Z89<>"",$Z89+7,IF($Y89<>"",$Y89+8,"")),IF($R89="",IF(OR($I89="B",$I89="C"),IF($W89<>"",$W89+7,IF($V89<>"",$V89+8,""))),""))) | AC89: =IF(OR($R89="B",$R89="C"),IF($AA89="","",IF($AB89="",IF($AA89>=$J$1,"In progress","Not submit yet"),IF($AA89>=$AB89,"Timely Response","Late Resubmission"))),"") | AD89: =IF(AC89="Late Resubmission",IF(AB89="","",AB89-AA89),IF(AC89="Not submit yet",IF(AA89="","",$J$1-AA89),"")) | AG89: =IF(AND(RIGHT($E89,1)>="A",RIGHT($E89,1)<="Z"),LEFT($E89,LEN($E89)-1),$E89) -> LTIA-5.11-LTICT-10000-RFA-GEN-0002 | AH89: {=$E89=_xlfn.XLOOKUP( AG89, _xlfn._xlws.FILTER($AG$7:$AG$4572,$L$7:$L$4572<>"X"), _xlfn._xlws.FILTER($E$7:$E$4572,$L$7:$L$4572<>"X"), "", 0, -1 )} -> TRUE | AI89: =IF($AH89,IF(OR($R89="B",$R89="C"),"YES",IF($R89="",IF(OR($I89="B",$I89="C"),"YES",""),"")),"")
A90: =A89+1 -> 84 | B90: =MID(E90, FIND("-", E90) + 1, 4) -> 5.11 | D90: GEN | E90: LTIA-5.11-LTICT-10000-RFA-GEN-0003 | F90: =IF($U90=0,$T90+22,$U90+21) -> 45980 | G90: Request for approval of the Occupational Health and Safety Plan | H90: Yêu cầu phê duyệt Kế hoạch an toàn lao động | I90: A | J90: =IF(ISBLANK($W90),_xlfn.DAYS($J$1,$U90),_xlfn.DAYS($W90,$U90)) -> 5 | K90: =IF(($J90-21)>0,$J90-21,0) -> 0 | M90: Link | N90: Link | O90: Link | P90: Link | Q90: Link | R90: A | S90: 45959 | T90: 45959 | U90: 45959 | V90: 45964 | W90: 45964 | X90: Mr Tâm + Bảo | Y90: 45967 | AA90: =IF(AND($R90="",$I90=""),"",IF(OR($R90="B",$R90="C"),IF($Z90<>"",$Z90+7,IF($Y90<>"",$Y90+8,"")),IF($R90="",IF(OR($I90="B",$I90="C"),IF($W90<>"",$W90+7,IF($V90<>"",$V90+8,""))),""))) | AC90: =IF(OR($R90="B",$R90="C"),IF($AA90="","",IF($AB90="",IF($AA90>=$J$1,"In progress","Not submit yet"),IF($AA90>=$AB90,"Timely Response","Late Resubmission"))),"") | AD90: =IF(AC90="Late Resubmission",IF(AB90="","",AB90-AA90),IF(AC90="Not submit yet",IF(AA90="","",$J$1-AA90),"")) | AG90: =IF(AND(RIGHT($E90,1)>="A",RIGHT($E90,1)<="Z"),LEFT($E90,LEN($E90)-1),$E90) -> LTIA-5.11-LTICT-10000-RFA-GEN-0003 | AH90: {=$E90=_xlfn.XLOOKUP( AG90, _xlfn._xlws.FILTER($AG$7:$AG$4572,$L$7:$L$4572<>"X"), _xlfn._xlws.FILTER($E$7:$E$4572,$L$7:$L$4572<>"X"), "", 0, -1 )} -> TRUE | AI90: =IF($AH90,IF(OR($R90="B",$R90="C"),"YES",IF($R90="",IF(OR($I90="B",$I90="C"),"YES",""),"")),"")
A91: =A90+1 -> 85 | B91: =MID(E91, FIND("-", E91) + 1, 4) -> 5.11 | D91: GEN | E91: LTIA-5.11-LTICT-10000-RFA-GEN-0004 | F91: =IF($U91=0,$T91+22,$U91+21) -> 46174 | G91: Request for Approval of Forms Used in Project Quality Management (Software). | H91: Yêu cầu phê duyệt Biểu mẫu sử dụng trong quản lý chất lượng dự án (Phần mềm). | I91: A | J91: =IF(ISBLANK($W91),_xlfn.DAYS($J$1,$U91),_xlfn.DAYS($W91,$U91)) -> 21 | K91: =IF(($J91-21)>0,$J91-21,0) -> 0 | L91: X | M91: Link | N91: Link | O91: Link | P91: Link | S91: 46150 | T91: 46150 | U91: 46153 | V91: 46174 | W91: 46174 | X91: Mr Phong + Kuroda | AA91: =IF(AND($R91="",$I91=""),"",IF(OR($R91="B",$R91="C"),IF($Z91<>"",$Z91+7,IF($Y91<>"",$Y91+8,"")),IF($R91="",IF(OR($I91="B",$I91="C"),IF($W91<>"",$W91+7,IF($V91<>"",$V91+8,""))),""))) -> FALSE | AB91: 46192 | AC91: =IF(OR($R91="B",$R91="C"),IF($AA91="","",IF($AB91="",IF($AA91>=$J$1,"In progress","Not submit yet"),IF($AA91>=$AB91,"Timely Response","Late Resubmission"))),"") | AD91: =IF(AC91="Late Resubmission",IF(AB91="","",AB91-AA91),IF(AC91="Not submit yet",IF(AA91="","",$J$1-AA91),"")) | AE91: 5/22/2026: Đã ký B 6/19/2026 Update => 0004A | AG91: =IF(AND(RIGHT($E91,1)>="A",RIGHT($E91,1)<="Z"),LEFT($E91,LEN($E91)-1),$E91) -> LTIA-5.11-LTICT-10000-RFA-GEN-0004 | AH91: {=$E91=_xlfn.XLOOKUP( AG91, _xlfn._xlws.FILTER($AG$7:$AG$4572,$L$7:$L$4572<>"X"), _xlfn._xlws.FILTER($E$7:$E$4572,$L$7:$L$4572<>"X"), "", 0, -1 )} -> FALSE | AI91: =IF($AH91,IF(OR($R91="B",$R91="C"),"YES",IF($R91="",IF(OR($I91="B",$I91="C"),"YES",""),"")),"")
A92: =A91+1 -> 86 | B92: =MID(E92, FIND("-", E92) + 1, 4) -> 5.11 | D92: GEN | E92: LTIA-5.11-LTICT-10000-RFA-GEN-0005 | F92: =IF($U92=0,$T92+22,$U92+21) -> 46181 | G92: Request for Approval of Project Organization Structure and Personnel | H92: Đề nghị phê duyệt Cơ cấu tổ chức và nhân sự thực hiện dự án | J92: =IF(ISBLANK($W92),_xlfn.DAYS($J$1,$U92),_xlfn.DAYS($W92,$U92)) -> 149 | K92: =IF(($J92-21)>0,$J92-21,0) -> 128 | L92: O | M92: Link | N92: Link | S92: 46160 | T92: 46160 | U92: 46160 | AA92: =IF(AND($R92="",$I92=""),"",IF(OR($R92="B",$R92="C"),IF($Z92<>"",$Z92+7,IF($Y92<>"",$Y92+8,"")),IF($R92="",IF(OR($I92="B",$I92="C"),IF($W92<>"",$W92+7,IF($V92<>"",$V92+8,""))),""))) | AC92: =IF(OR($R92="B",$R92="C"),IF($AA92="","",IF($AB92="",IF($AA92>=$J$1,"In progress","Not submit yet"),IF($AA92>=$AB92,"Timely Response","Late Resubmission"))),"") | AD92: =IF(AC92="Late Resubmission",IF(AB92="","",AB92-AA92),IF(AC92="Not submit yet",IF(AA92="","",$J$1-AA92),"")) | AE92: Out of scope ICT | AG92: =IF(AND(RIGHT($E92,1)>="A",RIGHT($E92,1)<="Z"),LEFT($E92,LEN($E92)-1),$E92) -> LTIA-5.11-LTICT-10000-RFA-GEN-0005 | AH92: {=$E92=_xlfn.XLOOKUP( AG92, _xlfn._xlws.FILTER($AG$7:$AG$4572,$L$7:$L$4572<>"X"), _xlfn._xlws.FILTER($E$7:$E$4572,$L$7:$L$4572<>"X"), "", 0, -1 )} -> TRUE | AI92: =IF($AH92,IF(OR($R92="B",$R92="C"),"YES",IF($R92="",IF(OR($I92="B",$I92="C"),"YES",""),"")),"")
A93: =A92+1 -> 87 | B93: =MID(E93, FIND("-", E93) + 1, 4) -> 5.11 | C93: AODB | D93: ICD | E93: LTIA-5.11-LTICT-RFA-OTH-0001 | F93: =IF($U93=0,$T93+22,$U93+21) -> 45995 | G93: Request for approval of the Airport Operations Database (AODB) Interface Control Document (ICD) Package 5.11 | H93: Yêu cầu phê duyệt tài liệu kiểm soát giao diện (ICD) của hệ thống cơ sở dữ liệu điều hành sân bay (AODB) thuộc gói 5.11 | I93: C | J93: =IF(ISBLANK($W93),_xlfn.DAYS($J$1,$U93),_xlfn.DAYS($W93,$U93)) -> 335 | K93: =IF(($J93-21)>0,$J93-21,0) -> 314 | L93: X | M93: Link | N93: Link | S93: 45974 | T93: 45974 | U93: 45974 | AA93: =IF(AND($R93="",$I93=""),"",IF(OR($R93="B",$R93="C"),IF($Z93<>"",$Z93+7,IF($Y93<>"",$Y93+8,"")),IF($R93="",IF(OR($I93="B",$I93="C"),IF($W93<>"",$W93+7,IF($V93<>"",$V93+8,""))),""))) | AC93: =IF(OR($R93="B",$R93="C"),IF($AA93="","",IF($AB93="",IF($AA93>=$J$1,"In progress","Not submit yet"),IF($AA93>=$AB93,"Timely Response","Late Resubmission"))),"") | AD93: =IF(AC93="Late Resubmission",IF(AB93="","",AB93-AA93),IF(AC93="Not submit yet",IF(AA93="","",$J$1-AA93),"")) | AE93: Withdraw | AG93: =IF(AND(RIGHT($E93,1)>="A",RIGHT($E93,1)<="Z"),LEFT($E93,LEN($E93)-1),$E93) -> LTIA-5.11-LTICT-RFA-OTH-0001 | AH93: {=$E93=_xlfn.XLOOKUP( AG93, _xlfn._xlws.FILTER($AG$7:$AG$4572,$L$7:$L$4572<>"X"), _xlfn._xlws.FILTER($E$7:$E$4572,$L$7:$L$4572<>"X"), "", 0, -1 )} -> FALSE | AI93: =IF($AH93,IF(OR($R93="B",$R93="C"),"YES",IF($R93="",IF(OR($I93="B",$I93="C"),"YES",""),"")),"")
A94: =A93+1 -> 88 | B94: =MID(E94, FIND("-", E94) + 1, 4) -> 5.11 | C94: PPS | D94: ICD | E94: LTIA-5.11-LTICT-RFA-OTH-0002 | F94: =IF($U94=0,$T94+22,$U94+21) -> 46128 | G94: Request for Approval of Interface, Functionality, and Design Documents for the SBD-BHS Component under the PPS System (Package 5.11) | H94: Yêu cầu phê duyệt các tài liệu giao tiếp, chức năng và thiết kế hạng mục SBD-BHS thuộc hệ thống PPS (Gói thầu 5.11) | I94: B | J94: =IF(ISBLANK($W94),_xlfn.DAYS($J$1,$U94),_xlfn.DAYS($W94,$U94)) -> 26 | K94: =IF(($J94-21)>0,$J94-21,0) -> 5 | M94: Link | N94: Link | O94: Link | P94: Link | S94: 45974 | T94: 45974 | U94: 46107 | V94: 46120 | W94: 46133 | X94: Mr Phong + Kuroda | AA94: =IF(AND($R94="",$I94=""),"",IF(OR($R94="B",$R94="C"),IF($Z94<>"",$Z94+7,IF($Y94<>"",$Y94+8,"")),IF($R94="",IF(OR($I94="B",$I94="C"),IF($W94<>"",$W94+7,IF($V94<>"",$V94+8,""))),""))) -> 46140 | AC94: =IF(OR($R94="B",$R94="C"),IF($AA94="","",IF($AB94="",IF($AA94>=$J$1,"In progress","Not submit yet"),IF($AA94>=$AB94,"Timely Response","Late Resubmission"))),"") | AD94: =IF(AC94="Late Resubmission",IF(AB94="","",AB94-AA94),IF(AC94="Not submit yet",IF(AA94="","",$J$1-AA94),"")) | AE94: JAC Reject Cần phối giữa hãng (daifuku) + wonderland + M8M (phụ trách Mr. Hiệp + Mr. Truyền) Để update lại hồ sơ 3/25/2026: Contractor Submit updated 4/8/2026: Đã comment và gửi cho CNC phê duyệt B Đã ký duyệt B | AG94: =IF(AND(RIGHT($E94,1)>="A",RIGHT($E94,1)<="Z"),LEFT($E94,LEN($E94)-1),$E94) -> LTIA-5.11-LTICT-RFA-OTH-0002 | AH94: {=$E94=_xlfn.XLOOKUP( AG94, _xlfn._xlws.FILTER($AG$7:$AG$4572,$L$7:$L$4572<>"X"), _xlfn._xlws.FILTER($E$7:$E$4572,$L$7:$L$4572<>"X"), "", 0, -1 )} -> TRUE | AI94: =IF($AH94,IF(OR($R94="B",$R94="C"),"YES",IF($R94="",IF(OR($I94="B",$I94="C"),"YES",""),"")),"") -> YES
A95: =A94+1 -> 89 | B95: =MID(E95, FIND("-", E95) + 1, 4) -> 5.11 | D95: OTH | E95: LTIA-5.11-LTICT-RFA-OTH-0003 | G95: Request for approval of the design mix for cement concrete, the cement concrete batching plant, and the construction steel sources serving Package 5.11 | H95: Đề nghị phê duyệt thiết kế cấp phối bê tông xi măng, trạm trộn bê tông xi măng và nguồn thép xây dựng phục vụ gói thầu 5.11 | L95: X | M95: Link | N95: Link | S95: 45975 | T95: 45975 | U95: 45975 | AA95: =IF(AND($R95="",$I95=""),"",IF(OR($R95="B",$R95="C"),IF($Z95<>"",$Z95+7,IF($Y95<>"",$Y95+8,"")),IF($R95="",IF(OR($I95="B",$I95="C"),IF($W95<>"",$W95+7,IF($V95<>"",$V95+8,""))),""))) | AC95: =IF(OR($R95="B",$R95="C"),IF($AA95="","",IF($AB95="",IF($AA95>=$J$1,"In progress","Not submit yet"),IF($AA95>=$AB95,"Timely Response","Late Resubmission"))),"") | AD95: =IF(AC95="Late Resubmission",IF(AB95="","",AB95-AA95),IF(AC95="Not submit yet",IF(AA95="","",$J$1-AA95),"")) | AE95: Out of scope ICT Withdraw | AG95: =IF(AND(RIGHT($E95,1)>="A",RIGHT($E95,1)<="Z"),LEFT($E95,LEN($E95)-1),$E95) -> LTIA-5.11-LTICT-RFA-OTH-0003 | AH95: {=$E95=_xlfn.XLOOKUP( AG95, _xlfn._xlws.FILTER($AG$7:$AG$4572,$L$7:$L$4572<>"X"), _xlfn._xlws.FILTER($E$7:$E$4572,$L$7:$L$4572<>"X"), "", 0, -1 )} -> FALSE | AI95: =IF($AH95,IF(OR($R95="B",$R95="C"),"YES",IF($R95="",IF(OR($I95="B",$I95="C"),"YES",""),"")),"")
A96: =A95+1 -> 90 | B96: =MID(E96, FIND("-", E96) + 1, 4) -> 5.11 | C96: PPS | D96: ICD | E96: LTIA-5.11-LTICT-RFA-OTH-0004 | F96: =IF($U96=0,$T96+22,$U96+21) -> 46078 | G96: Request approval of design models and IP/VLAN address allocation for the BHS system | H96: Yêu cầu phê duyệt các mô hình thiết kế, phân bổ địa chỉ IP/Vlan cho hệ thống BHS | I96: C | J96: =IF(ISBLANK($W96),_xlfn.DAYS($J$1,$U96),_xlfn.DAYS($W96,$U96)) -> 48 | K96: =IF(($J96-21)>0,$J96-21,0) -> 27 | M96: Link | N96: Link | O96: Link | P96: Link | S96: 46055 | T96: 46056 | U96: 46057 | V96: 46066 | W96: 46105 | X96: Mr Phong + Kuroda | AA96: =IF(AND($R96="",$I96=""),"",IF(OR($R96="B",$R96="C"),IF($Z96<>"",$Z96+7,IF($Y96<>"",$Y96+8,"")),IF($R96="",IF(OR($I96="B",$I96="C"),IF($W96<>"",$W96+7,IF($V96<>"",$V96+8,""))),""))) -> 46112 | AC96: =IF(OR($R96="B",$R96="C"),IF($AA96="","",IF($AB96="",IF($AA96>=$J$1,"In progress","Not submit yet"),IF($AA96>=$AB96,"Timely Response","Late Resubmission"))),"") | AD96: =IF(AC96="Late Resubmission",IF(AB96="","",AB96-AA96),IF(AC96="Not submit yet",IF(AA96="","",$J$1-AA96),"")) | AE96: 2/9/2026 Đã Comments Reject | AG96: =IF(AND(RIGHT($E96,1)>="A",RIGHT($E96,1)<="Z"),LEFT($E96,LEN($E96)-1),$E96) -> LTIA-5.11-LTICT-RFA-OTH-0004 | AH96: {=$E96=_xlfn.XLOOKUP( AG96, _xlfn._xlws.FILTER($AG$7:$AG$4572,$L$7:$L$4572<>"X"), _xlfn._xlws.FILTER($E$7:$E$4572,$L$7:$L$4572<>"X"), "", 0, -1 )} -> TRUE | AI96: =IF($AH96,IF(OR($R96="B",$R96="C"),"YES",IF($R96="",IF(OR($I96="B",$I96="C"),"YES",""),"")),"") -> YES
A97: =A96+1 -> 91 | B97: =MID(E97, FIND("-", E97) + 1, 4) -> 5.11 | C97: CCTV | D97: ICD | E97: LTIA-5.11-LTICT-RFA-OTH-0005 | F97: =IF($U97=0,$T97+22,$U97+21) -> 46106 | G97: Request for approval of the Interface Control Document (ICD) for the CCTV (Closed-Circuit Television) scope under the CCTV System (Package 5.11) | H97: Yêu cầu phê duyệt tài liệu kiểm soát giao diện (ICD), cho hạng mục CCTV (Closed-Circuit Television) thuộc hệ thống CCTV (Gói thầu 5.11) | I97: C | J97: =IF(ISBLANK($W97),_xlfn.DAYS($J$1,$U97),_xlfn.DAYS($W97,$U97)) -> 20 | K97: =IF(($J97-21)>0,$J97-21,0) -> 0 | M97: Link | N97: Link | O97: Link | P97: Link | S97: 46085 | T97: 46083 | U97: 46085 | V97: 46098 | W97: 46105 | X97: Mr Phong + Kuroda | AA97: =IF(AND($R97="",$I97=""),"",IF(OR($R97="B",$R97="C"),IF($Z97<>"",$Z97+7,IF($Y97<>"",$Y97+8,"")),IF($R97="",IF(OR($I97="B",$I97="C"),IF($W97<>"",$W97+7,IF($V97<>"",$V97+8,""))),""))) -> 46112 | AC97: =IF(OR($R97="B",$R97="C"),IF($AA97="","",IF($AB97="",IF($AA97>=$J$1,"In progress","Not submit yet"),IF($AA97>=$AB97,"Timely Response","Late Resubmission"))),"") | AD97: =IF(AC97="Late Resubmission",IF(AB97="","",AB97-AA97),IF(AC97="Not submit yet",IF(AA97="","",$J$1-AA97),"")) | AG97: =IF(AND(RIGHT($E97,1)>="A",RIGHT($E97,1)<="Z"),LEFT($E97,LEN($E97)-1),$E97) -> LTIA-5.11-LTICT-RFA-OTH-0005 | AH97: {=$E97=_xlfn.XLOOKUP( AG97, _xlfn._xlws.FILTER($AG$7:$AG$4572,$L$7:$L$4572<>"X"), _xlfn._xlws.FILTER($E$7:$E$4572,$L$7:$L$4572<>"X"), "", 0, -1 )} -> TRUE | AI97: =IF($AH97,IF(OR($R97="B",$R97="C"),"YES",IF($R97="",IF(OR($I97="B",$I97="C"),"YES",""),"")),"") -> YES
A98: =A97+1 -> 92 | B98: =MID(E98, FIND("-", E98) + 1, 4) -> 5.11 | C98: AGAC | D98: ICD | E98: LTIA-5.11-LTICT-RFA-OTH-0006 | F98: =IF($U98=0,$T98+22,$U98+21) -> 46115 | G98: Request for Approval of the AGAC System Integration Document (ICD) - Package 5.11 | H98: Yêu cầu phê duyệt tài liệu tích hợp hệ thống (ICD) AGAC (Gói thầu 5.11) | I98: C | J98: =IF(ISBLANK($W98),_xlfn.DAYS($J$1,$U98),_xlfn.DAYS($W98,$U98)) -> 18 | K98: =IF(($J98-21)>0,$J98-21,0) -> 0 | M98: Link | N98: Link | O98: Link | P98: Link | S98: 46086 | T98: 46086 | U98: 46094 | V98: 46107 | W98: 46112 | X98: Mr Phong + Kuroda | AA98: =IF(AND($R98="",$I98=""),"",IF(OR($R98="B",$R98="C"),IF($Z98<>"",$Z98+7,IF($Y98<>"",$Y98+8,"")),IF($R98="",IF(OR($I98="B",$I98="C"),IF($W98<>"",$W98+7,IF($V98<>"",$V98+8,""))),""))) -> 46119 | AC98: =IF(OR($R98="B",$R98="C"),IF($AA98="","",IF($AB98="",IF($AA98>=$J$1,"In progress","Not submit yet"),IF($AA98>=$AB98,"Timely Response","Late Resubmission"))),"") | AD98: =IF(AC98="Late Resubmission",IF(AB98="","",AB98-AA98),IF(AC98="Not submit yet",IF(AA98="","",$J$1-AA98),"")) | AG98: =IF(AND(RIGHT($E98,1)>="A",RIGHT($E98,1)<="Z"),LEFT($E98,LEN($E98)-1),$E98) -> LTIA-5.11-LTICT-RFA-OTH-0006 | AH98: {=$E98=_xlfn.XLOOKUP( AG98, _xlfn._xlws.FILTER($AG$7:$AG$4572,$L$7:$L$4572<>"X"), _xlfn._xlws.FILTER($E$7:$E$4572,$L$7:$L$4572<>"X"), "", 0, -1 )} -> TRUE | AI98: =IF($AH98,IF(OR($R98="B",$R98="C"),"YES",IF($R98="",IF(OR($I98="B",$I98="C"),"YES",""),"")),"") -> YES
A99: =A98+1 -> 93 | B99: =MID(E99, FIND("-", E99) + 1, 4) -> 5.11 | C99: SCS | D99: OTH | E99: LTIA-5.11-LTICT-RFA-OTH-0007 | F99: =IF($U99=0,$T99+22,$U99+21) -> 46128 | G99: Proposal for approval of naming and labeling conventions for the external cable system of the terminal | H99: Kiến nghị phê duyệt quy tắc đặt tên và dán nhãn cho hệ thống cáp bên ngoài nhà ga | I99: C | J99: =IF(ISBLANK($W99),_xlfn.DAYS($J$1,$U99),_xlfn.DAYS($W99,$U99)) -> 26 | K99: =IF(($J99-21)>0,$J99-21,0) -> 5 | M99: Link | N99: Link | O99: Link | P99: Link | S99: 46101 | T99: 46101 | U99: 46107 | V99: 46120 | W99: 46133 | X99: Mr Phong + Kuroda | AA99: =IF(AND($R99="",$I99=""),"",IF(OR($R99="B",$R99="C"),IF($Z99<>"",$Z99+7,IF($Y99<>"",$Y99+8,"")),IF($R99="",IF(OR($I99="B",$I99="C"),IF($W99<>"",$W99+7,IF($V99<>"",$V99+8,""))),""))) -> 46140 | AB99: 46162 | AC99: =IF(OR($R99="B",$R99="C"),IF($AA99="","",IF($AB99="",IF($AA99>=$J$1,"In progress","Not submit yet"),IF($AA99>=$AB99,"Timely Response","Late Resubmission"))),"") | AD99: =IF(AC99="Late Resubmission",IF(AB99="","",AB99-AA99),IF(AC99="Not submit yet",IF(AA99="","",$J$1-AA99),"")) | AE99: 5/20/2026 Update => 0007A | AG99: =IF(AND(RIGHT($E99,1)>="A",RIGHT($E99,1)<="Z"),LEFT($E99,LEN($E99)-1),$E99) -> LTIA-5.11-LTICT-RFA-OTH-0007 | AH99: {=$E99=_xlfn.XLOOKUP( AG99, _xlfn._xlws.FILTER($AG$7:$AG$4572,$L$7:$L$4572<>"X"), _xlfn._xlws.FILTER($E$7:$E$4572,$L$7:$L$4572<>"X"), "", 0, -1 )} -> FALSE | AI99: =IF($AH99,IF(OR($R99="B",$R99="C"),"YES",IF($R99="",IF(OR($I99="B",$I99="C"),"YES",""),"")),"")
A100: =A99+1 -> 94 | B100: =MID(E100, FIND("-", E100) + 1, 4) -> 5.11 | C100: SCS | D100: OTH | E100: LTIA-5.11-LTICT-RFA-OTH-0007A | F100: =IF($U100=0,$T100+22,$U100+21) -> 46197 | G100: Proposal for approval of naming and labeling conventions for the external cable system of the terminal | H100: Kiến nghị phê duyệt quy tắc đặt tên và dán nhãn cho hệ thống cáp bên ngoài nhà ga | I100: A | J100: =IF(ISBLANK($W100),_xlfn.DAYS($J$1,$U100),_xlfn.DAYS($W100,$U100)) -> 21 | K100: =IF(($J100-21)>0,$J100-21,0) -> 0 | M100: Link | N100: Link | O100: Link | S100: 46162 | T100: 46162 | U100: 46176 | V100: 46183 | W100: 46197 | X100: Mr Cường + Kuroda | AA100: =IF(AND($R100="",$I100=""),"",IF(OR($R100="B",$R100="C"),IF($Z100<>"",$Z100+7,IF($Y100<>"",$Y100+8,"")),IF($R100="",IF(OR($I100="B",$I100="C"),IF($W100<>"",$W100+7,IF($V100<>"",$V100+8,""))),""))) -> FALSE | AC100: =IF(OR($R100="B",$R100="C"),IF($AA100="","",IF($AB100="",IF($AA100>=$J$1,"In progress","Not submit yet"),IF($AA100>=$AB100,"Timely Response","Late Resubmission"))),"") | AD100: =IF(AC100="Late Resubmission",IF(AB100="","",AB100-AA100),IF(AC100="Not submit yet",IF(AA100="","",$J$1-AA100),"")) | AE100: 6/3//2026 Update 6/19/2026 Đã ký A | AG100: =IF(AND(RIGHT($E100,1)>="A",RIGHT($E100,1)<="Z"),LEFT($E100,LEN($E100)-1),$E100) -> LTIA-5.11-LTICT-RFA-OTH-0007 | AH100: {=$E100=_xlfn.XLOOKUP( AG100, _xlfn._xlws.FILTER($AG$7:$AG$4572,$L$7:$L$4572<>"X"), _xlfn._xlws.FILTER($E$7:$E$4572,$L$7:$L$4572<>"X"), "", 0, -1 )} -> TRUE | AI100: =IF($AH100,IF(OR($R100="B",$R100="C"),"YES",IF($R100="",IF(OR($I100="B",$I100="C"),"YES",""),"")),"")
A101: =A100+1 -> 95 | B101: =MID(E101, FIND("-", E101) + 1, 4) -> 5.11 | C101: DCH DNE CCTV AGAC PPS | D101: MSS | E101: LTIA-5.11- LTICT-RFA-MSS-0001 | F101: =IF($U101=0,$T101+22,$U101+21) -> 46115 | G101: Request for approval of construction methods for 05 systems serving the domestic T&C plan | H101: Yêu cầu phê duyệt Biện pháp thi công cho 05 hệ thống phục vụ kế hoạch T&C Quốc nội | I101: C | J101: =IF(ISBLANK($W101),_xlfn.DAYS($J$1,$U101),_xlfn.DAYS($W101,$U101)) -> 35 | K101: =IF(($J101-21)>0,$J101-21,0) -> 14 | M101: Link | N101: Link | P101: Link | S101: 46094 | T101: 46094 | U101: 46094 | V101: 46129 | W101: 46129 | X101: Mr Phong + Kuroda | AA101: =IF(AND($R101="",$I101=""),"",IF(OR($R101="B",$R101="C"),IF($Z101<>"",$Z101+7,IF($Y101<>"",$Y101+8,"")),IF($R101="",IF(OR($I101="B",$I101="C"),IF($W101<>"",$W101+7,IF($V101<>"",$V101+8,""))),""))) -> 46136 | AC101: =IF(OR($R101="B",$R101="C"),IF($AA101="","",IF($AB101="",IF($AA101>=$J$1,"In progress","Not submit yet"),IF($AA101>=$AB101,"Timely Response","Late Resubmission"))),"") | AD101: =IF(AC101="Late Resubmission",IF(AB101="","",AB101-AA101),IF(AC101="Not submit yet",IF(AA101="","",$J$1-AA101),"")) | AG101: =IF(AND(RIGHT($E101,1)>="A",RIGHT($E101,1)<="Z"),LEFT($E101,LEN($E101)-1),$E101) -> LTIA-5.11- LTICT-RFA-MSS-0001 | AH101: {=$E101=_xlfn.XLOOKUP( AG101, _xlfn._xlws.FILTER($AG$7:$AG$4572,$L$7:$L$4572<>"X"), _xlfn._xlws.FILTER($E$7:$E$4572,$L$7:$L$4572<>"X"), "", 0, -1 )} -> TRUE | AI101: =IF($AH101,IF(OR($R101="B",$R101="C"),"YES",IF($R101="",IF(OR($I101="B",$I101="C"),"YES",""),"")),"") -> YES
A102: =A101+1 -> 96 | B102: =MID(E102, FIND("-", E102) + 1, 4) -> 5.11 | C102: CCTV | D102: MAS | E102: LTIA-5.11-LTICT-72120-RFA-MAS-0015A | F102: =IF($U102=0,$T102+22,$U102+21) -> 46206 | G102: Request for Re-approval of list material and equiment for CCTV - Canon Printer - Revision of equipment model | H102: Đề nghị phê duyệt lại danh mục vật tư và thiết bị cho Hệ thống camera giám sát (CCTV) – Máy in Canon – Thay đổi mã hiệu thiết bị | I102: A | L102: X | S102: 46185 | T102: 46185 | U102: 46185 | AA102: =IF(AND($R102="",$I102=""),"",IF(OR($R102="B",$R102="C"),IF($Z102<>"",$Z102+7,IF($Y102<>"",$Y102+8,"")),IF($R102="",IF(OR($I102="B",$I102="C"),IF($W102<>"",$W102+7,IF($V102<>"",$V102+8,""))),""))) -> FALSE | AC102: =IF(OR($R102="B",$R102="C"),IF($AA102="","",IF($AB102="",IF($AA102>=$J$1,"In progress","Not submit yet"),IF($AA102>=$AB102,"Timely Response","Late Resubmission"))),"") | AD102: =IF(AC102="Late Resubmission",IF(AB102="","",AB102-AA102),IF(AC102="Not submit yet",IF(AA102="","",$J$1-AA102),"")) | AE102: 7/27/2026: Withdraw (request by PMU) => MAS-0015 | AG102: =IF(AND(RIGHT($E102,1)>="A",RIGHT($E102,1)<="Z"),LEFT($E102,LEN($E102)-1),$E102) -> LTIA-5.11-LTICT-72120-RFA-MAS-0015 | AH102: {=$E102=_xlfn.XLOOKUP( AG102, _xlfn._xlws.FILTER($AG$7:$AG$4572,$L$7:$L$4572<>"X"), _xlfn._xlws.FILTER($E$7:$E$4572,$L$7:$L$4572<>"X"), "", 0, -1 )} -> FALSE | AI102: =IF($AH102,IF(OR($R102="B",$R102="C"),"YES",IF($R102="",IF(OR($I102="B",$I102="C"),"YES",""),"")),"")
...

Sheet RFA-SDS
A1: FOLLOW DOCUMENTS - RFA-SDS / THEO DÕI HỒ SƠ - RFA-SDS | H1: Current Date Ngày hiện tại | I1: =TODAY() -> 46309
A2: SECTION TE / HẠNG MỤC TE
A4: TT | B4: Package | C4: System Hệ | D4: Document Reference No. Tham chiếu hồ sơ số | E4: Deadline to responde Thời hạn trả lời | F4: Subject | G4: Tiêu đề | H4: Status Tình trạng | I4: Processing Time Thời gian xử lý | J4: Delay Chậm trễ | K4: Withdraw or Change (X) See notes Thu hồi hoặc Thay đổi (X) Xem ghi chú | L4: Documents Submission Hồ sơ đệ trình | N4: JCJV's Response Phản hồi của JCJV | P4: Employer's Response Phản hồi của Chủ đầu tư | R4: Documents Submission Hồ sơ đệ trình | U4: JCJV's Response Phản hồi của JCJV | X4: Employer's Response Phản hồi của Chủ đầu tư | Z4: Vietur Resubmission Status Tình trạng đệ trình lại hồ sơ | AD4: Notes Ghi chú
L5: Official Chính thức | M5: Internal Nội bộ | N5: Official Chính thức | O5: Internal Nội bộ | P5: Official Chính thức | Q5: Status Trạng thái | R5: Sub. Date (Soft copy) Ngày đệ trình (bản mềm) | S5: Sub. Date (by Email) Ngày đệ trình (bằng Email) | T5: Sub. Date (Hard copy) Ngày đệ trình (bản cứng) | U5: Response Date Ngày phản hồi | V5: Submit Date Ngày phát hành | W5: Signed by Đã ký bởi | X5: Response Date Ngày phản hồi (by Email) | Y5: Submit Date (Hard copy) Ngày phát hành (bản cứng) | Z5: Deadline to resubmit Hạn chót đệ trình lại | AA5: Actual resubmission Date Ngày đệ trình thực tế | AB5: Resubmission Status Assessment Đánh giá tình trạng đệ trình lại | AC5: Delayed Days Ngày chậm trễ | AG5: Base Reference Tham chiếu cơ sở | AH5: Latest Revision Phiên bản cuối | AI5: Need Submisson Cần đệ trình lại
A7: =A6+1 -> 1 | B7: =MID(D7, FIND("-", D7) + 1, 4) -> 5.10 | C7: FAS SCS SCN | D7: LTIA-5.10-VIETUR-80000-RFA-SDS-0080 | E7: =IF($T7=0,$S7+22,$T7+21) -> 45490 | F7: Construction design drawing of ICT system – part.4: ICT systems for PIT Level (Underground) | G7: Bản vẽ TKTC cho hệ thống ICT – phần 4 – Hệ thống ICT cho tầng PIT (phần ngầm) | H7: B | I7: =IF(ISBLANK($V7),_xlfn.DAYS($I$1,$T7),_xlfn.DAYS($V7,$T7)) -> 27 | J7: =IF(($I7-21)>0,$I7-21,0) -> 6 | L7: Link | M7: Link | N7: Link | O7: Link | P7: Link | Q7: B | R7: 45462 | S7: 45462 | T7: 45469 | U7: 45481 | V7: 45496 | W7: Mr Phong + Trãi + Kuroda | X7: 45524 | Y7: 45525 | Z7: =IF(AND($Q7="",$H7=""),"",IF(OR($Q7="B",$Q7="C"),IF($Y7<>"",$Y7+7,IF($X7<>"",$X7+8,"")),IF($Q7="",IF(OR($H7="B",$H7="C"),IF($V7<>"",$V7+7,IF($U7<>"",$U7+8,""))),""))) -> 45532 | AA7: 45861 | AB7: =IF(OR($Q7="B",$Q7="C"),IF($Z7="","",IF($AA7="",IF($Z7>=$I$1,"In progress","Not submit yet"),IF($Z7>=$AA7,"Timely Response","Late Resubmission"))),"") -> Late Resubmission | AC7: =IF(AB7="Late Resubmission",IF(AA7="","",AA7-Z7),IF(AB7="Not submit yet",IF(Z7="","",$I$1-Z7),"")) -> 329 | AG7: =IF(AND(RIGHT($D7,1)>="A",RIGHT($D7,1)<="Z"),LEFT($D7,LEN($D7)-1),$D7) -> LTIA-5.10-VIETUR-80000-RFA-SDS-0080 | AH7: {=$D7=_xlfn.XLOOKUP( AG7, _xlfn._xlws.FILTER($AG$7:$AG$4869,$K$7:$K$4869<>"X"), _xlfn._xlws.FILTER($D$7:$D$4869,$K$7:$K$4869<>"X"), "", 0, -1 )} -> FALSE | AI7: =IF($AH7,IF(OR($Q7="B",$Q7="C"),"YES",IF($Q7="",IF(OR($H7="B",$H7="C"),"YES",""),"")),"")
A8: =A7+1 -> 2 | B8: =MID(D8, FIND("-", D8) + 1, 4) -> 5.10 | C8: FAS SCS SCN DCH PAS PPS | D8: LTIA-5.10-VIETUR-80000-RFA-SDS-0122 | E8: =IF($T8=0,$S8+22,$T8+21) -> 45562 | F8: Construction design drawing of ICT system - part .1 : ICT system for 1F Level | G8: Bản vẽ TKTC cho hệ thống ICT - phần 1 - Hệ thống ICT cho tầng 1 | H8: B | I8: =IF(ISBLANK($V8),_xlfn.DAYS($I$1,$T8),_xlfn.DAYS($V8,$T8)) -> 25 | J8: =IF(($I8-21)>0,$I8-21,0) -> 4 | L8: Link | M8: Link | N8: Link | O8: Link | P8: Link | Q8: B | R8: 45540 | S8: 45540 | T8: 45541 | U8: 45553 | V8: 45566 | W8: Mr Phong + Kuroda | X8: 45596 | Y8: 45674 | Z8: =IF(AND($Q8="",$H8=""),"",IF(OR($Q8="B",$Q8="C"),IF($Y8<>"",$Y8+7,IF($X8<>"",$X8+8,"")),IF($Q8="",IF(OR($H8="B",$H8="C"),IF($V8<>"",$V8+7,IF($U8<>"",$U8+8,""))),""))) -> 45681 | AA8: 45850 | AB8: =IF(OR($Q8="B",$Q8="C"),IF($Z8="","",IF($AA8="",IF($Z8>=$I$1,"In progress","Not submit yet"),IF($Z8>=$AA8,"Timely Response","Late Resubmission"))),"") -> Late Resubmission | AC8: =IF(AB8="Late Resubmission",IF(AA8="","",AA8-Z8),IF(AB8="Not submit yet",IF(Z8="","",$I$1-Z8),"")) -> 169 | AG8: =IF(AND(RIGHT($D8,1)>="A",RIGHT($D8,1)<="Z"),LEFT($D8,LEN($D8)-1),$D8) -> LTIA-5.10-VIETUR-80000-RFA-SDS-0122 | AH8: {=$D8=_xlfn.XLOOKUP( AG8, _xlfn._xlws.FILTER($AG$7:$AG$4869,$K$7:$K$4869<>"X"), _xlfn._xlws.FILTER($D$7:$D$4869,$K$7:$K$4869<>"X"), "", 0, -1 )} -> FALSE | AI8: =IF( AND( $AH8, OR($Q8="B",$Q8="C") ), "YES", "" )
A9: =A8+1 -> 3 | B9: =MID(D9, FIND("-", D9) + 1, 4) -> 5.10 | C9: FAS SCS SCN DCH PAS PPS PMR | D9: LTIA-5.10-VIETUR-80000-RFA-SDS-0140 | E9: =IF($T9=0,$S9+22,$T9+21) -> 45608 | F9: Construction design drawing of ICT system – part.1: ICT systems for 2F Level | G9: Bản vẽ TKTC cho hệ thống ICT – phần 1 – Hệ thống ICT cho tầng 2 | H9: B | I9: =IF(ISBLANK($V9),_xlfn.DAYS($I$1,$T9),_xlfn.DAYS($V9,$T9)) -> 43 | J9: =IF(($I9-21)>0,$I9-21,0) -> 22 | L9: Link | M9: Link | N9: Link | O9: Link | P9: Link | Q9: B | R9: 45583 | S9: 45583 | T9: 45587 | U9: 45611 | V9: 45630 | W9: Mr Phong + Trãi + Shimada | X9: 45657 | Y9: 45659 | Z9: =IF(AND($Q9="",$H9=""),"",IF(OR($Q9="B",$Q9="C"),IF($Y9<>"",$Y9+7,IF($X9<>"",$X9+8,"")),IF($Q9="",IF(OR($H9="B",$H9="C"),IF($V9<>"",$V9+7,IF($U9<>"",$U9+8,""))),""))) -> 45666 | AA9: 45861 | AB9: =IF(OR($Q9="B",$Q9="C"),IF($Z9="","",IF($AA9="",IF($Z9>=$I$1,"In progress","Not submit yet"),IF($Z9>=$AA9,"Timely Response","Late Resubmission"))),"") -> Late Resubmission | AC9: =IF(AB9="Late Resubmission",IF(AA9="","",AA9-Z9),IF(AB9="Not submit yet",IF(Z9="","",$I$1-Z9),"")) -> 195 | AG9: =IF(AND(RIGHT($D9,1)>="A",RIGHT($D9,1)<="Z"),LEFT($D9,LEN($D9)-1),$D9) -> LTIA-5.10-VIETUR-80000-RFA-SDS-0140 | AH9: {=$D9=_xlfn.XLOOKUP( AG9, _xlfn._xlws.FILTER($AG$7:$AG$4869,$K$7:$K$4869<>"X"), _xlfn._xlws.FILTER($D$7:$D$4869,$K$7:$K$4869<>"X"), "", 0, -1 )} -> FALSE | AI9: =IF( AND( $AH9, OR($Q9="B",$Q9="C") ), "YES", "" )
A10: =A9+1 -> 4 | B10: =MID(D10, FIND("-", D10) + 1, 4) -> 5.10 | C10: FAS SCS SCN DCH PAS PPS | D10: LTIA-5.10-VIETUR-80000-RFA-SDS-0160 | E10: =IF($T10=0,$S10+22,$T10+21) -> 45638 | F10: Construction design drawing of ICT system – part.1: ICT systems for GF Level | G10: Bản vẽ TKTC cho hệ thống ICT – phần 1 – Hệ thống ICT cho tầng GF | H10: B | I10: =IF(ISBLANK($V10),_xlfn.DAYS($I$1,$T10),_xlfn.DAYS($V10,$T10)) -> 43 | J10: =IF(($I10-21)>0,$I10-21,0) -> 22 | L10: Link | M10: Link | N10: Link | O10: Link | P10: Link | Q10: B | R10: 45610 | S10: 45610 | T10: 45617 | U10: 45630 | V10: 45660 | W10: Mr Phong + Kuroda | X10: 45672 | Y10: 45674 | Z10: =IF(AND($Q10="",$H10=""),"",IF(OR($Q10="B",$Q10="C"),IF($Y10<>"",$Y10+7,IF($X10<>"",$X10+8,"")),IF($Q10="",IF(OR($H10="B",$H10="C"),IF($V10<>"",$V10+7,IF($U10<>"",$U10+8,""))),""))) -> 45681 | AA10: 45861 | AB10: =IF(OR($Q10="B",$Q10="C"),IF($Z10="","",IF($AA10="",IF($Z10>=$I$1,"In progress","Not submit yet"),IF($Z10>=$AA10,"Timely Response","Late Resubmission"))),"") -> Late Resubmission | AC10: =IF(AB10="Late Resubmission",IF(AA10="","",AA10-Z10),IF(AB10="Not submit yet",IF(Z10="","",$I$1-Z10),"")) -> 180 | AG10: =IF(AND(RIGHT($D10,1)>="A",RIGHT($D10,1)<="Z"),LEFT($D10,LEN($D10)-1),$D10) -> LTIA-5.10-VIETUR-80000-RFA-SDS-0160 | AH10: {=$D10=_xlfn.XLOOKUP( AG10, _xlfn._xlws.FILTER($AG$7:$AG$4869,$K$7:$K$4869<>"X"), _xlfn._xlws.FILTER($D$7:$D$4869,$K$7:$K$4869<>"X"), "", 0, -1 )} -> FALSE | AI10: =IF( AND( $AH10, OR($Q10="B",$Q10="C") ), "YES", "" )
A11: =A10+1 -> 5 | B11: =MID(D11, FIND("-", D11) + 1, 4) -> 5.10 | C11: FAS SCS SCN DCH PAS PPS | D11: LTIA-5.10-VIETUR-80000-RFA-SDS-0197 | E11: =IF($T11=0,$S11+22,$T11+21) -> 45659 | F11: Construction design drawing of ICT system – part.1: ICT systems for 3F Level | G11: Bản vẽ TKTC cho hệ thống ICT – phần 1 – Hệ thống ICT cho tầng 3F | H11: B | I11: =IF(ISBLANK($V11),_xlfn.DAYS($I$1,$T11),_xlfn.DAYS($V11,$T11)) -> 77 | J11: =IF(($I11-21)>0,$I11-21,0) -> 56 | L11: Link | M11: Link | N11: Link | O11: Link | P11: Link | Q11: B | R11: 45636 | S11: 45636 | T11: 45638 | U11: 45636 | V11: 45715 | W11: Mr Phong + Trãi + Kuroda | X11: 45721 | Y11: 45722 | Z11: =IF(AND($Q11="",$H11=""),"",IF(OR($Q11="B",$Q11="C"),IF($Y11<>"",$Y11+7,IF($X11<>"",$X11+8,"")),IF($Q11="",IF(OR($H11="B",$H11="C"),IF($V11<>"",$V11+7,IF($U11<>"",$U11+8,""))),""))) -> 45729 | AA11: 45861 | AB11: =IF(OR($Q11="B",$Q11="C"),IF($Z11="","",IF($AA11="",IF($Z11>=$I$1,"In progress","Not submit yet"),IF($Z11>=$AA11,"Timely Response","Late Resubmission"))),"") -> Late Resubmission | AC11: =IF(AB11="Late Resubmission",IF(AA11="","",AA11-Z11),IF(AB11="Not submit yet",IF(Z11="","",$I$1-Z11),"")) -> 132 | AD11: + SCN/SCS 4F drawing | AG11: =IF(AND(RIGHT($D11,1)>="A",RIGHT($D11,1)<="Z"),LEFT($D11,LEN($D11)-1),$D11) -> LTIA-5.10-VIETUR-80000-RFA-SDS-0197 | AH11: {=$D11=_xlfn.XLOOKUP( AG11, _xlfn._xlws.FILTER($AG$7:$AG$4869,$K$7:$K$4869<>"X"), _xlfn._xlws.FILTER($D$7:$D$4869,$K$7:$K$4869<>"X"), "", 0, -1 )} -> FALSE | AI11: =IF( AND( $AH11, OR($Q11="B",$Q11="C") ), "YES", "" )
A12: =A11+1 -> 6 | B12: =MID(D12, FIND("-", D12) + 1, 4) -> 5.10 | C12: FAS SCS SCN DCH PAS | D12: LTIA-5.10-VIETUR-80000-RFA-SDS-0214 | E12: =IF($T12=0,$S12+22,$T12+21) -> 45720 | F12: Construction design drawing of ICT system – part.1: ICT systems for FLB | G12: Bản vẽ TKTC cho hệ thống ICT – phần 1 – Hệ thống ICT cho FLB | H12: B | I12: =IF(ISBLANK($V12),_xlfn.DAYS($I$1,$T12),_xlfn.DAYS($V12,$T12)) -> 42 | J12: =IF(($I12-21)>0,$I12-21,0) -> 21 | L12: Link | M12: Link | N12: Link | O12: Link | P12: Link | Q12: B | R12: 45673 | S12: 45673 | T12: 45699 | U12: 45716 | V12: 45741 | W12: Mr Phong + Trãi + Kuroda + Shimada | X12: 45756 | Y12: 45756 | Z12: =IF(AND($Q12="",$H12=""),"",IF(OR($Q12="B",$Q12="C"),IF($Y12<>"",$Y12+7,IF($X12<>"",$X12+8,"")),IF($Q12="",IF(OR($H12="B",$H12="C"),IF($V12<>"",$V12+7,IF($U12<>"",$U12+8,""))),""))) -> 45763 | AB12: =IF(OR($Q12="B",$Q12="C"),IF($Z12="","",IF($AA12="",IF($Z12>=$I$1,"In progress","Not submit yet"),IF($Z12>=$AA12,"Timely Response","Late Resubmission"))),"") -> Not submit yet | AC12: =IF(AB12="Late Resubmission",IF(AA12="","",AA12-Z12),IF(AB12="Not submit yet",IF(Z12="","",$I$1-Z12),"")) -> 546 | AG12: =IF(AND(RIGHT($D12,1)>="A",RIGHT($D12,1)<="Z"),LEFT($D12,LEN($D12)-1),$D12) -> LTIA-5.10-VIETUR-80000-RFA-SDS-0214 | AH12: {=$D12=_xlfn.XLOOKUP( AG12, _xlfn._xlws.FILTER($AG$7:$AG$4869,$K$7:$K$4869<>"X"), _xlfn._xlws.FILTER($D$7:$D$4869,$K$7:$K$4869<>"X"), "", 0, -1 )} -> TRUE | AI12: =IF( AND( $AH12, OR($Q12="B",$Q12="C") ), "YES", "" ) -> YES
A13: =A12+1 -> 7 | B13: =MID(D13, FIND("-", D13) + 1, 4) -> 5.10 | D13: LTIA-5.10-VIETUR-80000-RFA-SDS-0222 | E13: =IF($T13=0,$S13+22,$T13+21) -> 45720 | F13: Construction design drawing of ICT system – part.1: ICT systems for DATA CENTER 2 (DC2) & TECHNICAL ROOM (EF,BD) | G13: Bản vẽ TKTC cho hệ thống ICT – phần 1 – Hệ thống ICT cho Trung tâm dữ liệu số 2 (DC2) và Phòng kỹ thuật (EF,BD) | H13: C | I13: =IF(ISBLANK($V13),_xlfn.DAYS($I$1,$T13),_xlfn.DAYS($V13,$T13)) -> 44 | J13: =IF(($I13-21)>0,$I13-21,0) -> 23 | L13: Link | M13: Link | N13: Link | O13: Link | P13: Link | Q13: C | R13: 45677 | S13: 45677 | T13: 45699 | U13: 45719 | V13: 45743 | W13: Mr Phong + Kuroda | X13: 45751 | Y13: 45751 | Z13: =IF(AND($Q13="",$H13=""),"",IF(OR($Q13="B",$Q13="C"),IF($Y13<>"",$Y13+7,IF($X13<>"",$X13+8,"")),IF($Q13="",IF(OR($H13="B",$H13="C"),IF($V13<>"",$V13+7,IF($U13<>"",$U13+8,""))),""))) -> 45758 | AA13: 45919 | AB13: =IF(OR($Q13="B",$Q13="C"),IF($Z13="","",IF($AA13="",IF($Z13>=$I$1,"In progress","Not submit yet"),IF($Z13>=$AA13,"Timely Response","Late Resubmission"))),"") -> Late Resubmission | AC13: =IF(AB13="Late Resubmission",IF(AA13="","",AA13-Z13),IF(AB13="Not submit yet",IF(Z13="","",$I$1-Z13),"")) -> 161 | AG13: =IF(AND(RIGHT($D13,1)>="A",RIGHT($D13,1)<="Z"),LEFT($D13,LEN($D13)-1),$D13) -> LTIA-5.10-VIETUR-80000-RFA-SDS-0222 | AH13: {=$D13=_xlfn.XLOOKUP( AG13, _xlfn._xlws.FILTER($AG$7:$AG$4869,$K$7:$K$4869<>"X"), _xlfn._xlws.FILTER($D$7:$D$4869,$K$7:$K$4869<>"X"), "", 0, -1 )} -> FALSE | AI13: =IF( AND( $AH13, OR($Q13="B",$Q13="C") ), "YES", "" )
A14: =A13+1 -> 8 | B14: =MID(D14, FIND("-", D14) + 1, 4) -> 5.10 | C14: FAS | D14: LTIA-5.10-VIETUR-80000-RFA-SDS-0297 | E14: =IF($T14=0,$S14+22,$T14+21) -> 45822 | F14: Construction design drawing of ICT system – part.1: ICT systems for 4F+Rf | G14: Bản vẽ TKTC cho hệ thống ICT – phần 1 – Hệ thống ICT cho 4F+Rf | H14: B | I14: =IF(ISBLANK($V14),_xlfn.DAYS($I$1,$T14),_xlfn.DAYS($V14,$T14)) -> 25 | J14: =IF(($I14-21)>0,$I14-21,0) -> 4 | L14: Link | M14: Link | N14: Link | O14: Link | P14: Link | Q14: B | R14: 45799 | S14: 45799 | T14: 45801 | U14: 45817 | V14: 45826 | W14: Mr Shimada + Kuroda | X14: 45846 | Y14: 45846 | Z14: =IF(AND($Q14="",$H14=""),"",IF(OR($Q14="B",$Q14="C"),IF($Y14<>"",$Y14+7,IF($X14<>"",$X14+8,"")),IF($Q14="",IF(OR($H14="B",$H14="C"),IF($V14<>"",$V14+7,IF($U14<>"",$U14+8,""))),""))) -> 45853 | AB14: =IF(OR($Q14="B",$Q14="C"),IF($Z14="","",IF($AA14="",IF($Z14>=$I$1,"In progress","Not submit yet"),IF($Z14>=$AA14,"Timely Response","Late Resubmission"))),"") -> Not submit yet | AC14: =IF(AB14="Late Resubmission",IF(AA14="","",AA14-Z14),IF(AB14="Not submit yet",IF(Z14="","",$I$1-Z14),"")) -> 456 | AG14: =IF(AND(RIGHT($D14,1)>="A",RIGHT($D14,1)<="Z"),LEFT($D14,LEN($D14)-1),$D14) -> LTIA-5.10-VIETUR-80000-RFA-SDS-0297 | AH14: {=$D14=_xlfn.XLOOKUP( AG14, _xlfn._xlws.FILTER($AG$7:$AG$4869,$K$7:$K$4869<>"X"), _xlfn._xlws.FILTER($D$7:$D$4869,$K$7:$K$4869<>"X"), "", 0, -1 )} -> TRUE | AI14: =IF( AND( $AH14, OR($Q14="B",$Q14="C") ), "YES", "" ) -> YES
A15: =A14+1 -> 9 | B15: =MID(D15, FIND("-", D15) + 1, 4) -> 5.10 | D15: LTIA-5.10-VIETUR-80000-RFA-SDS-0310 | E15: =IF($T15=0,$S15+22,$T15+21) -> 45832 | F15: Construction design drawing of ICT system - part 1: Automatic Smoke Extraction And Ventilation Windows Drawing | G15: Bản vẽ TKTC cho hệ thống ICT - phần 1 - Bản Vẽ Hệ Thống Cửa Sổ Cấp Gió Và Thoát Khói Tự Động | H15: B | I15: =IF(ISBLANK($V15),_xlfn.DAYS($I$1,$T15),_xlfn.DAYS($V15,$T15)) -> 8 | J15: =IF(($I15-21)>0,$I15-21,0) -> 0 | L15: Link | M15: Link | N15: Link | O15: Link | P15: Link | Q15: B | R15: 45804 | S15: 45804 | T15: 45811 | U15: 45818 | V15: 45819 | W15: Mr Aoki + Phong + Kuroda + Boe | X15: 45842 | Y15: 45842 | Z15: =IF(AND($Q15="",$H15=""),"",IF(OR($Q15="B",$Q15="C"),IF($Y15<>"",$Y15+7,IF($X15<>"",$X15+8,"")),IF($Q15="",IF(OR($H15="B",$H15="C"),IF($V15<>"",$V15+7,IF($U15<>"",$U15+8,""))),""))) -> 45849 | AA15: 45861 | AB15: =IF(OR($Q15="B",$Q15="C"),IF($Z15="","",IF($AA15="",IF($Z15>=$I$1,"In progress","Not submit yet"),IF($Z15>=$AA15,"Timely Response","Late Resubmission"))),"") -> Late Resubmission | AC15: =IF(AB15="Late Resubmission",IF(AA15="","",AA15-Z15),IF(AB15="Not submit yet",IF(Z15="","",$I$1-Z15),"")) -> 12 | AG15: =IF(AND(RIGHT($D15,1)>="A",RIGHT($D15,1)<="Z"),LEFT($D15,LEN($D15)-1),$D15) -> LTIA-5.10-VIETUR-80000-RFA-SDS-0310 | AH15: {=$D15=_xlfn.XLOOKUP( AG15, _xlfn._xlws.FILTER($AG$7:$AG$4869,$K$7:$K$4869<>"X"), _xlfn._xlws.FILTER($D$7:$D$4869,$K$7:$K$4869<>"X"), "", 0, -1 )} -> FALSE | AI15: =IF( AND( $AH15, OR($Q15="B",$Q15="C") ), "YES", "" )
A16: =A15+1 -> 10 | B16: =MID(D16, FIND("-", D16) + 1, 4) -> 5.10 | C16: SCN | D16: LTIA-5.10-VIETUR-80000-RFA-SDS-0330 | E16: =IF($T16=0,$S16+22,$T16+21) -> 45873 | F16: Construction design drawing of ICT system – part.1: ICT systems for Cable Fiber Layout Level Overall (SCN). | G16: Bản vẽ TKTC cho hệ thống ICT – phần 1 – Hệ thống ICT cho Bản Vẽ Bố Trí Cáp Quang Tổng Thể (SCN). | H16: B | I16: =IF(ISBLANK($V16),_xlfn.DAYS($I$1,$T16),_xlfn.DAYS($V16,$T16)) -> 18 | J16: =IF(($I16-21)>0,$I16-21,0) -> 0 | L16: Link | M16: Link | N16: Link | O16: Link | P16: Link | Q16: B | R16: 45848 | S16: 45848 | T16: 45852 | U16: 45862 | V16: 45870 | W16: Mr Phong + Mừng + Kuroda | X16: 45954 | Y16: 45957 | Z16: =IF(AND($Q16="",$H16=""),"",IF(OR($Q16="B",$Q16="C"),IF($Y16<>"",$Y16+7,IF($X16<>"",$X16+8,"")),IF($Q16="",IF(OR($H16="B",$H16="C"),IF($V16<>"",$V16+7,IF($U16<>"",$U16+8,""))),""))) -> 45964 | AB16: =IF(OR($Q16="B",$Q16="C"),IF($Z16="","",IF($AA16="",IF($Z16>=$I$1,"In progress","Not submit yet"),IF($Z16>=$AA16,"Timely Response","Late Resubmission"))),"") -> Not submit yet | AC16: =IF(AB16="Late Resubmission",IF(AA16="","",AA16-Z16),IF(AB16="Not submit yet",IF(Z16="","",$I$1-Z16),"")) -> 345 | AG16: =IF(AND(RIGHT($D16,1)>="A",RIGHT($D16,1)<="Z"),LEFT($D16,LEN($D16)-1),$D16) -> LTIA-5.10-VIETUR-80000-RFA-SDS-0330 | AH16: {=$D16=_xlfn.XLOOKUP( AG16, _xlfn._xlws.FILTER($AG$7:$AG$4869,$K$7:$K$4869<>"X"), _xlfn._xlws.FILTER($D$7:$D$4869,$K$7:$K$4869<>"X"), "", 0, -1 )} -> TRUE | AI16: =IF( AND( $AH16, OR($Q16="B",$Q16="C") ), "YES", "" ) -> YES
A17: =A16+1 -> 11 | B17: =MID(D17, FIND("-", D17) + 1, 4) -> 5.10 | C17: SCN PAS | D17: LTIA-5.10-VIETUR-80000-RFA-SDS-0122A | E17: =IF($T17=0,$S17+22,$T17+21) -> 45876 | F17: Construction design drawing of ICT system – part.1: ICT systems for 1F Level (Re-submission for attachment): 2. Structure Cable Network-level 1 (attachment 02). & 5. Public Address Systems -level 1 (attachment 05). | G17: Bản vẽ TKTC cho hệ thống ICT – phần 1 – Hệ thống ICT cho tầng 1 (Trình cho phần đính kèm số: 2. Hệ thống Mạng Cáp – tầng 1 (đính kèm 02) & 5. Hệ Thống Phát Thanh Công Cộng - tầng 1 (đính kèm 05) | H17: B | I17: =IF(ISBLANK($V17),_xlfn.DAYS($I$1,$T17),_xlfn.DAYS($V17,$T17)) -> 15 | J17: =IF(($I17-21)>0,$I17-21,0) -> 0 | L17: Link | M17: Link | N17: Link | O17: Link | P17: Link | Q17: B | R17: 45850 | S17: 45850 | T17: 45855 | U17: 45862 | V17: 45870 | W17: Mr Phong + Mừng + Kuroda | X17: 45954 | Y17: 45957 | Z17: =IF(AND($Q17="",$H17=""),"",IF(OR($Q17="B",$Q17="C"),IF($Y17<>"",$Y17+7,IF($X17<>"",$X17+8,"")),IF($Q17="",IF(OR($H17="B",$H17="C"),IF($V17<>"",$V17+7,IF($U17<>"",$U17+8,""))),""))) -> 45964 | AB17: =IF(OR($Q17="B",$Q17="C"),IF($Z17="","",IF($AA17="",IF($Z17>=$I$1,"In progress","Not submit yet"),IF($Z17>=$AA17,"Timely Response","Late Resubmission"))),"") -> Not submit yet | AC17: =IF(AB17="Late Resubmission",IF(AA17="","",AA17-Z17),IF(AB17="Not submit yet",IF(Z17="","",$I$1-Z17),"")) -> 345 | AG17: =IF(AND(RIGHT($D17,1)>="A",RIGHT($D17,1)<="Z"),LEFT($D17,LEN($D17)-1),$D17) -> LTIA-5.10-VIETUR-80000-RFA-SDS-0122 | AH17: {=$D17=_xlfn.XLOOKUP( AG17, _xlfn._xlws.FILTER($AG$7:$AG$4869,$K$7:$K$4869<>"X"), _xlfn._xlws.FILTER($D$7:$D$4869,$K$7:$K$4869<>"X"), "", 0, -1 )} -> TRUE | AI17: =IF( AND( $AH17, OR($Q17="B",$Q17="C") ), "YES", "" ) -> YES
A18: =A17+1 -> 12 | B18: =MID(D18, FIND("-", D18) + 1, 4) -> 5.10 | C18: SCN | D18: LTIA-5.10-VIETUR-80000-RFA-SDS-0080A | E18: =IF($T18=0,$S18+22,$T18+21) -> 45887 | F18: Construction design drawing of ICT system – part.4: ICT systems for PIT Level (Underground) | G18: Bản vẽ TKTC cho hệ thống ICT – phần 4 – Hệ thống ICT cho tầng PIT (phần ngầm) | H18: B | I18: =IF(ISBLANK($V18),_xlfn.DAYS($I$1,$T18),_xlfn.DAYS($V18,$T18)) -> 42 | J18: =IF(($I18-21)>0,$I18-21,0) -> 21 | L18: Link | M18: Link | N18: Link | O18: Link | P18: Link | Q18: B | R18: 45861 | S18: 45861 | T18: 45866 | U18: 45874 | V18: 45908 | W18: Mr Phong + Mừng + Kuroda | X18: 45954 | Y18: 45957 | Z18: =IF(AND($Q18="",$H18=""),"",IF(OR($Q18="B",$Q18="C"),IF($Y18<>"",$Y18+7,IF($X18<>"",$X18+8,"")),IF($Q18="",IF(OR($H18="B",$H18="C"),IF($V18<>"",$V18+7,IF($U18<>"",$U18+8,""))),""))) -> 45964 | AB18: =IF(OR($Q18="B",$Q18="C"),IF($Z18="","",IF($AA18="",IF($Z18>=$I$1,"In progress","Not submit yet"),IF($Z18>=$AA18,"Timely Response","Late Resubmission"))),"") -> Not submit yet | AC18: =IF(AB18="Late Resubmission",IF(AA18="","",AA18-Z18),IF(AB18="Not submit yet",IF(Z18="","",$I$1-Z18),"")) -> 345 | AG18: =IF(AND(RIGHT($D18,1)>="A",RIGHT($D18,1)<="Z"),LEFT($D18,LEN($D18)-1),$D18) -> LTIA-5.10-VIETUR-80000-RFA-SDS-0080 | AH18: {=$D18=_xlfn.XLOOKUP( AG18, _xlfn._xlws.FILTER($AG$7:$AG$4869,$K$7:$K$4869<>"X"), _xlfn._xlws.FILTER($D$7:$D$4869,$K$7:$K$4869<>"X"), "", 0, -1 )} -> TRUE | AI18: =IF( AND( $AH18, OR($Q18="B",$Q18="C") ), "YES", "" ) -> YES
A19: =A18+1 -> 13 | B19: =MID(D19, FIND("-", D19) + 1, 4) -> 5.10 | C19: SCN | D19: LTIA-5.10-VIETUR-80000-RFA-SDS-0140A | E19: =IF($T19=0,$S19+22,$T19+21) -> 45887 | F19: Construction design drawing of ICT system – part.1: ICT systems for 2F Level | G19: Bản vẽ TKTC cho hệ thống ICT – phần 1 – Hệ thống ICT cho tầng 2 | H19: B | I19: =IF(ISBLANK($V19),_xlfn.DAYS($I$1,$T19),_xlfn.DAYS($V19,$T19)) -> 42 | J19: =IF(($I19-21)>0,$I19-21,0) -> 21 | L19: Link | M19: Link | N19: Link | O19: Link | P19: Link | Q19: B | R19: 45861 | S19: 45861 | T19: 45866 | U19: 45628 | V19: 45908 | W19: Mr Phong + Mừng + Kuroda | X19: 45954 | Y19: 45957 | Z19: =IF(AND($Q19="",$H19=""),"",IF(OR($Q19="B",$Q19="C"),IF($Y19<>"",$Y19+7,IF($X19<>"",$X19+8,"")),IF($Q19="",IF(OR($H19="B",$H19="C"),IF($V19<>"",$V19+7,IF($U19<>"",$U19+8,""))),""))) -> 45964 | AA19: 45908 | AB19: =IF(OR($Q19="B",$Q19="C"),IF($Z19="","",IF($AA19="",IF($Z19>=$I$1,"In progress","Not submit yet"),IF($Z19>=$AA19,"Timely Response","Late Resubmission"))),"") -> Timely Response | AC19: =IF(AB19="Late Resubmission",IF(AA19="","",AA19-Z19),IF(AB19="Not submit yet",IF(Z19="","",$I$1-Z19),"")) | AG19: =IF(AND(RIGHT($D19,1)>="A",RIGHT($D19,1)<="Z"),LEFT($D19,LEN($D19)-1),$D19) -> LTIA-5.10-VIETUR-80000-RFA-SDS-0140 | AH19: {=$D19=_xlfn.XLOOKUP( AG19, _xlfn._xlws.FILTER($AG$7:$AG$4869,$K$7:$K$4869<>"X"), _xlfn._xlws.FILTER($D$7:$D$4869,$K$7:$K$4869<>"X"), "", 0, -1 )} -> FALSE | AI19: =IF( AND( $AH19, OR($Q19="B",$Q19="C") ), "YES", "" )
A20: =A19+1 -> 14 | B20: =MID(D20, FIND("-", D20) + 1, 4) -> 5.10 | C20: SCN | D20: LTIA-5.10-VIETUR-80000-RFA-SDS-0160A | E20: =IF($T20=0,$S20+22,$T20+21) -> 45887 | F20: Construction design drawing of ICT system – part.1: ICT systems for GF Level | G20: Bản vẽ TKTC cho hệ thống ICT – phần 1 – Hệ thống ICT cho tầng GF | H20: B | I20: =IF(ISBLANK($V20),_xlfn.DAYS($I$1,$T20),_xlfn.DAYS($V20,$T20)) -> 42 | J20: =IF(($I20-21)>0,$I20-21,0) -> 21 | L20: Link | M20: Link | N20: Link | O20: Link | P20: Link | Q20: B | R20: 45861 | S20: 45861 | T20: 45866 | U20: 45646 | V20: 45908 | W20: Mr Phong + Mừng + Kuroda | X20: 45954 | Y20: 45957 | Z20: =IF(AND($Q20="",$H20=""),"",IF(OR($Q20="B",$Q20="C"),IF($Y20<>"",$Y20+7,IF($X20<>"",$X20+8,"")),IF($Q20="",IF(OR($H20="B",$H20="C"),IF($V20<>"",$V20+7,IF($U20<>"",$U20+8,""))),""))) -> 45964 | AA20: 45972 | AB20: =IF(OR($Q20="B",$Q20="C"),IF($Z20="","",IF($AA20="",IF($Z20>=$I$1,"In progress","Not submit yet"),IF($Z20>=$AA20,"Timely Response","Late Resubmission"))),"") -> Late Resubmission | AC20: =IF(AB20="Late Resubmission",IF(AA20="","",AA20-Z20),IF(AB20="Not submit yet",IF(Z20="","",$I$1-Z20),"")) -> 8 | AG20: =IF(AND(RIGHT($D20,1)>="A",RIGHT($D20,1)<="Z"),LEFT($D20,LEN($D20)-1),$D20) -> LTIA-5.10-VIETUR-80000-RFA-SDS-0160 | AH20: {=$D20=_xlfn.XLOOKUP( AG20, _xlfn._xlws.FILTER($AG$7:$AG$4869,$K$7:$K$4869<>"X"), _xlfn._xlws.FILTER($D$7:$D$4869,$K$7:$K$4869<>"X"), "", 0, -1 )} -> FALSE | AI20: =IF( AND( $AH20, OR($Q20="B",$Q20="C") ), "YES", "" )
A21: =A20+1 -> 15 | B21: =MID(D21, FIND("-", D21) + 1, 4) -> 5.10 | C21: SCN | D21: LTIA-5.10-VIETUR-80000-RFA-SDS-0197A | E21: =IF($T21=0,$S21+22,$T21+21) -> 45887 | F21: Construction design drawing of ICT system – part.1: ICT systems for 3F Level | G21: Bản vẽ TKTC cho hệ thống ICT – phần 1 – Hệ thống ICT cho tầng 3F | H21: B | I21: =IF(ISBLANK($V21),_xlfn.DAYS($I$1,$T21),_xlfn.DAYS($V21,$T21)) -> 42 | J21: =IF(($I21-21)>0,$I21-21,0) -> 21 | L21: Link | M21: Link | N21: Link | O21: Link | P21: Link | Q21: B | R21: 45861 | S21: 45861 | T21: 45866 | U21: 45648 | V21: 45908 | W21: Mr Phong + Mừng + Kuroda | X21: 45954 | Y21: 45957 | Z21: =IF(AND($Q21="",$H21=""),"",IF(OR($Q21="B",$Q21="C"),IF($Y21<>"",$Y21+7,IF($X21<>"",$X21+8,"")),IF($Q21="",IF(OR($H21="B",$H21="C"),IF($V21<>"",$V21+7,IF($U21<>"",$U21+8,""))),""))) -> 45964 | AA21: 45959 | AB21: =IF(OR($Q21="B",$Q21="C"),IF($Z21="","",IF($AA21="",IF($Z21>=$I$1,"In progress","Not submit yet"),IF($Z21>=$AA21,"Timely Response","Late Resubmission"))),"") -> Timely Response | AC21: =IF(AB21="Late Resubmission",IF(AA21="","",AA21-Z21),IF(AB21="Not submit yet",IF(Z21="","",$I$1-Z21),"")) | AD21: + SCN 4F drawing | AG21: =IF(AND(RIGHT($D21,1)>="A",RIGHT($D21,1)<="Z"),LEFT($D21,LEN($D21)-1),$D21) -> LTIA-5.10-VIETUR-80000-RFA-SDS-0197 | AH21: {=$D21=_xlfn.XLOOKUP( AG21, _xlfn._xlws.FILTER($AG$7:$AG$4869,$K$7:$K$4869<>"X"), _xlfn._xlws.FILTER($D$7:$D$4869,$K$7:$K$4869<>"X"), "", 0, -1 )} -> FALSE | AI21: =IF( AND( $AH21, OR($Q21="B",$Q21="C") ), "YES", "" )
A22: =A21+1 -> 16 | B22: =MID(D22, FIND("-", D22) + 1, 4) -> 5.10 | C22: SVP | D22: LTIA-5.10-VIETUR-80000-RFA-SDS-0310A | E22: =IF($T22=0,$S22+22,$T22+21) -> 46009 | F22: Construction design drawing of ICT system - part 1: Automatic Smoke Extraction And Ventilation Windows Drawing | G22: Bản vẽ TKTC cho hệ thống ICT - phần 1 - Bản Vẽ Hệ Thống Cửa Sổ Cấp Gió Và Thoát Khói Tự Động (SVP) | H22: A | I22: =IF(ISBLANK($V22),_xlfn.DAYS($I$1,$T22),_xlfn.DAYS($V22,$T22)) -> 1 | J22: =IF(($I22-21)>0,$I22-21,0) -> 0 | L22: Link | M22: Link | N22: Link | O22: Link | P22: Link | Q22: A | R22: 45861 | S22: 45861 | T22: 45988 | U22: 45880 | V22: 45989 | W22: Mr Cường + Mừng + Kuroda + Boe | X22: 45994 | Y22: 45995 | Z22: =IF(AND($Q22="",$H22=""),"",IF(OR($Q22="B",$Q22="C"),IF($Y22<>"",$Y22+7,IF($X22<>"",$X22+8,"")),IF($Q22="",IF(OR($H22="B",$H22="C"),IF($V22<>"",$V22+7,IF($U22<>"",$U22+8,""))),""))) | AB22: =IF(OR($Q22="B",$Q22="C"),IF($Z22="","",IF($AA22="",IF($Z22>=$I$1,"In progress","Not submit yet"),IF($Z22>=$AA22,"Timely Response","Late Resubmission"))),"") | AC22: =IF(AB22="Late Resubmission",IF(AA22="","",AA22-Z22),IF(AB22="Not submit yet",IF(Z22="","",$I$1-Z22),"")) | AD22: 11/27/2025 Update | AG22: =IF(AND(RIGHT($D22,1)>="A",RIGHT($D22,1)<="Z"),LEFT($D22,LEN($D22)-1),$D22) -> LTIA-5.10-VIETUR-80000-RFA-SDS-0310 | AH22: {=$D22=_xlfn.XLOOKUP( AG22, _xlfn._xlws.FILTER($AG$7:$AG$4869,$K$7:$K$4869<>"X"), _xlfn._xlws.FILTER($D$7:$D$4869,$K$7:$K$4869<>"X"), "", 0, -1 )} -> TRUE | AI22: =IF( AND( $AH22, OR($Q22="B",$Q22="C") ), "YES", "" )
A23: =A22+1 -> 17 | B23: =MID(D23, FIND("-", D23) + 1, 4) -> 5.10 | C23: FAS BHS | D23: LTIA-5.10-VIETUR-80000-RFA-SDS-0350 | E23: =IF($T23=0,$S23+22,$T23+21) -> 45902 | F23: Construction design drawing of ICT system – part.1: ICT systems for FAS Under BHS Flatform. | G23: Bản vẽ TKTC cho hệ thống ICT – phần 1 – Hệ thống ICT cho Hệ Thống báo cháy dưới sàn thép BHS | H23: B | I23: =IF(ISBLANK($V23),_xlfn.DAYS($I$1,$T23),_xlfn.DAYS($V23,$T23)) -> 27 | J23: =IF(($I23-21)>0,$I23-21,0) -> 6 | L23: Link | M23: Link | N23: Link | O23: Link | P23: Link | Q23: B | R23: 45880 | S23: 45880 | T23: 45881 | U23: 45891 | V23: 45908 | W23: Mr Phong + Mừng + Kuroda | X23: 45954 | Y23: 45957 | Z23: =IF(AND($Q23="",$H23=""),"",IF(OR($Q23="B",$Q23="C"),IF($Y23<>"",$Y23+7,IF($X23<>"",$X23+8,"")),IF($Q23="",IF(OR($H23="B",$H23="C"),IF($V23<>"",$V23+7,IF($U23<>"",$U23+8,""))),""))) -> 45964 | AB23: =IF(OR($Q23="B",$Q23="C"),IF($Z23="","",IF($AA23="",IF($Z23>=$I$1,"In progress","Not submit yet"),IF($Z23>=$AA23,"Timely Response","Late Resubmission"))),"") -> Not submit yet | AC23: =IF(AB23="Late Resubmission",IF(AA23="","",AA23-Z23),IF(AB23="Not submit yet",IF(Z23="","",$I$1-Z23),"")) -> 345 | AG23: =IF(AND(RIGHT($D23,1)>="A",RIGHT($D23,1)<="Z"),LEFT($D23,LEN($D23)-1),$D23) -> LTIA-5.10-VIETUR-80000-RFA-SDS-0350 | AH23: {=$D23=_xlfn.XLOOKUP( AG23, _xlfn._xlws.FILTER($AG$7:$AG$4869,$K$7:$K$4869<>"X"), _xlfn._xlws.FILTER($D$7:$D$4869,$K$7:$K$4869<>"X"), "", 0, -1 )} -> TRUE | AI23: =IF( AND( $AH23, OR($Q23="B",$Q23="C") ), "YES", "" ) -> YES
A24: =A23+1 -> 18 | B24: =MID(D24, FIND("-", D24) + 1, 4) -> 5.10 | C24: FAS | D24: LTIA-5.10-VIETUR-80000-RFA-SDS-0140B | E24: =IF($T24=0,$S24+22,$T24+21) -> 45930 | F24: Construction design drawing of ICT system – part.1: ICT systems for 2F Level (Re-submission for attachment) 5. Public addressable system-level 2 (attachment 5) | G24: Bản vẽ TKTC cho hệ thống ICT – phần 1 – Hệ thống ICT cho tầng 2 (trình cho phần đính kèm số: 5. Hệ thống phát thanh công cộng - tầng 2 (đính kèm 5) | H24: B | I24: =IF(ISBLANK($V24),_xlfn.DAYS($I$1,$T24),_xlfn.DAYS($V24,$T24)) -> 8 | J24: =IF(($I24-21)>0,$I24-21,0) -> 0 | L24: Link | M24: Link | N24: Link | O24: Link | P24: Link | Q24: B | R24: 45908 | S24: 45908 | T24: 45909 | U24: 45873 | V24: 45917 | W24: Mr Phong + Mừng + Kuroda | X24: 46153 | Y24: 45957 | Z24: =IF(AND($Q24="",$H24=""),"",IF(OR($Q24="B",$Q24="C"),IF($Y24<>"",$Y24+7,IF($X24<>"",$X24+8,"")),IF($Q24="",IF(OR($H24="B",$H24="C"),IF($V24<>"",$V24+7,IF($U24<>"",$U24+8,""))),""))) -> 45964 | AB24: =IF(OR($Q24="B",$Q24="C"),IF($Z24="","",IF($AA24="",IF($Z24>=$I$1,"In progress","Not submit yet"),IF($Z24>=$AA24,"Timely Response","Late Resubmission"))),"") -> Not submit yet | AC24: =IF(AB24="Late Resubmission",IF(AA24="","",AA24-Z24),IF(AB24="Not submit yet",IF(Z24="","",$I$1-Z24),"")) -> 345 | AG24: =IF(AND(RIGHT($D24,1)>="A",RIGHT($D24,1)<="Z"),LEFT($D24,LEN($D24)-1),$D24) -> LTIA-5.10-VIETUR-80000-RFA-SDS-0140 | AH24: {=$D24=_xlfn.XLOOKUP( AG24, _xlfn._xlws.FILTER($AG$7:$AG$4869,$K$7:$K$4869<>"X"), _xlfn._xlws.FILTER($D$7:$D$4869,$K$7:$K$4869<>"X"), "", 0, -1 )} -> TRUE | AI24: =IF( AND( $AH24, OR($Q24="B",$Q24="C") ), "YES", "" ) -> YES
A25: =A24+1 -> 19 | B25: =MID(D25, FIND("-", D25) + 1, 4) -> 5.10 | D25: LTIA-5.10-VIETUR-80000-RFA-SDS-0222A | E25: =IF($T25=0,$S25+22,$T25+21) -> 45953 | F25: Construction design drawing of ICT system – part.1: ICT systems for DATA CENTER 2 (DC2) & TECHNICAL ROOM (EF,BD) | G25: Bản vẽ TKTC cho hệ thống ICT – phần 1 – Hệ thống ICT cho Trung tâm dữ liệu số 2 (DC2) và Phòng kỹ thuật (EF,BD) | H25: B | I25: =IF(ISBLANK($V25),_xlfn.DAYS($I$1,$T25),_xlfn.DAYS($V25,$T25)) -> 13 | J25: =IF(($I25-21)>0,$I25-21,0) -> 0 | L25: Link | M25: Link | N25: Link | O25: Link | P25: Link | Q25: B | R25: 45919 | S25: 45919 | T25: 45932 | U25: 45940 | V25: 45945 | W25: Mr Long + Phong + Kuroda | X25: 46029 | Y25: 46030 | Z25: =IF(AND($Q25="",$H25=""),"",IF(OR($Q25="B",$Q25="C"),IF($Y25<>"",$Y25+7,IF($X25<>"",$X25+8,"")),IF($Q25="",IF(OR($H25="B",$H25="C"),IF($V25<>"",$V25+7,IF($U25<>"",$U25+8,""))),""))) -> 46037 | AB25: =IF(OR($Q25="B",$Q25="C"),IF($Z25="","",IF($AA25="",IF($Z25>=$I$1,"In progress","Not submit yet"),IF($Z25>=$AA25,"Timely Response","Late Resubmission"))),"") -> Not submit yet | AC25: =IF(AB25="Late Resubmission",IF(AA25="","",AA25-Z25),IF(AB25="Not submit yet",IF(Z25="","",$I$1-Z25),"")) -> 272 | AD25: 9/25/2025 Update | AG25: =IF(AND(RIGHT($D25,1)>="A",RIGHT($D25,1)<="Z"),LEFT($D25,LEN($D25)-1),$D25) -> LTIA-5.10-VIETUR-80000-RFA-SDS-0222 | AH25: {=$D25=_xlfn.XLOOKUP( AG25, _xlfn._xlws.FILTER($AG$7:$AG$4869,$K$7:$K$4869<>"X"), _xlfn._xlws.FILTER($D$7:$D$4869,$K$7:$K$4869<>"X"), "", 0, -1 )} -> TRUE | AI25: =IF( AND( $AH25, OR($Q25="B",$Q25="C") ), "YES", "" ) -> YES
A26: =A25+1 -> 20 | B26: =MID(D26, FIND("-", D26) + 1, 4) -> 5.10 | C26: ACS | D26: LTIA-5.10-VIETUR-80000-RFA-SDS-0371 | E26: =IF($T26=0,$S26+22,$T26+21) -> 45953 | F26: Construction design drawing of ICT system – part.1: ICT systems for Duress Button Drawings. | G26: Bản vẽ TKTC cho hệ thống ICT – phần 1 – Hệ thống ICT cho hệ thống nút nhấn khẩn cấp. | H26: B | I26: =IF(ISBLANK($V26),_xlfn.DAYS($I$1,$T26),_xlfn.DAYS($V26,$T26)) -> 13 | J26: =IF(($I26-21)>0,$I26-21,0) -> 0 | L26: Link | M26: Link | N26: LInk | O26: Link | P26: Link | Q26: B | R26: 45930 | S26: 45930 | T26: 45932 | U26: 45940 | V26: 45945 | W26: Mr Long + Phong + Kuroda | X26: 45978 | Y26: 45979 | Z26: =IF(AND($Q26="",$H26=""),"",IF(OR($Q26="B",$Q26="C"),IF($Y26<>"",$Y26+7,IF($X26<>"",$X26+8,"")),IF($Q26="",IF(OR($H26="B",$H26="C"),IF($V26<>"",$V26+7,IF($U26<>"",$U26+8,""))),""))) -> 45986 | AB26: =IF(OR($Q26="B",$Q26="C"),IF($Z26="","",IF($AA26="",IF($Z26>=$I$1,"In progress","Not submit yet"),IF($Z26>=$AA26,"Timely Response","Late Resubmission"))),"") -> Not submit yet | AC26: =IF(AB26="Late Resubmission",IF(AA26="","",AA26-Z26),IF(AB26="Not submit yet",IF(Z26="","",$I$1-Z26),"")) -> 323 | AG26: =IF(AND(RIGHT($D26,1)>="A",RIGHT($D26,1)<="Z"),LEFT($D26,LEN($D26)-1),$D26) -> LTIA-5.10-VIETUR-80000-RFA-SDS-0371 | AH26: {=$D26=_xlfn.XLOOKUP( AG26, _xlfn._xlws.FILTER($AG$7:$AG$4869,$K$7:$K$4869<>"X"), _xlfn._xlws.FILTER($D$7:$D$4869,$K$7:$K$4869<>"X"), "", 0, -1 )} -> TRUE | AI26: =IF( AND( $AH26, OR($Q26="B",$Q26="C") ), "YES", "" ) -> YES
A27: =A26+1 -> 21 | B27: =MID(D27, FIND("-", D27) + 1, 4) -> 5.10 | C27: FAS | D27: LTIA-5.10-VIETUR-80000-RFA-SDS-0197B | E27: =IF($T27=0,$S27+22,$T27+21) -> 45982 | F27: Construction design drawing of ICT system – part.1: ICT systems for 3F Level | G27: Bản vẽ TKTC cho hệ thống ICT – phần 1 – Hệ thống ICT cho tầng 3F | H27: B | I27: =IF(ISBLANK($V27),_xlfn.DAYS($I$1,$T27),_xlfn.DAYS($V27,$T27)) -> 19 | J27: =IF(($I27-21)>0,$I27-21,0) -> 0 | L27: Link | M27: Link | N27: Link | O27: Link | P27: Link | Q27: B | R27: 45959 | S27: 45959 | T27: 45961 | U27: 45945 | V27: 45980 | W27: Mr Phong + Kuroda | X27: 45995 | Y27: 45999 | Z27: =IF(AND($Q27="",$H27=""),"",IF(OR($Q27="B",$Q27="C"),IF($Y27<>"",$Y27+7,IF($X27<>"",$X27+8,"")),IF($Q27="",IF(OR($H27="B",$H27="C"),IF($V27<>"",$V27+7,IF($U27<>"",$U27+8,""))),""))) -> 46006 | AB27: =IF(OR($Q27="B",$Q27="C"),IF($Z27="","",IF($AA27="",IF($Z27>=$I$1,"In progress","Not submit yet"),IF($Z27>=$AA27,"Timely Response","Late Resubmission"))),"") -> Not submit yet | AC27: =IF(AB27="Late Resubmission",IF(AA27="","",AA27-Z27),IF(AB27="Not submit yet",IF(Z27="","",$I$1-Z27),"")) -> 303 | AG27: =IF(AND(RIGHT($D27,1)>="A",RIGHT($D27,1)<="Z"),LEFT($D27,LEN($D27)-1),$D27) -> LTIA-5.10-VIETUR-80000-RFA-SDS-0197 | AH27: {=$D27=_xlfn.XLOOKUP( AG27, _xlfn._xlws.FILTER($AG$7:$AG$4869,$K$7:$K$4869<>"X"), _xlfn._xlws.FILTER($D$7:$D$4869,$K$7:$K$4869<>"X"), "", 0, -1 )} -> TRUE | AI27: =IF( AND( $AH27, OR($Q27="B",$Q27="C") ), "YES", "" ) -> YES
A28: =A27+1 -> 22 | B28: =MID(D28, FIND("-", D28) + 1, 4) -> 5.10 | C28: PAS | D28: LTIA-5.10-VIETUR-80000-RFA-SDS-0394 | E28: =IF($T28=0,$S28+22,$T28+21) -> 45987 | F28: Construction design drawing of ICT system – part.1: ICT systems for Schematic Diagram Public Address System (PAS) | G28: Bản vẽ TKTC cho hệ thống ICT – phần 1 – Hệ thống ICT cho SDNL hệ thống Phát Thanh | H28: C | I28: =IF(ISBLANK($V28),_xlfn.DAYS($I$1,$T28),_xlfn.DAYS($V28,$T28)) -> 28 | J28: =IF(($I28-21)>0,$I28-21,0) -> 7 | L28: Link | M28: Link | N28: Link | O28: Link | P28: Link | Q28: C | R28: 45965 | S28: 45965 | T28: 45966 | U28: 45979 | V28: 45994 | W28: Mr Phong + Kuroda | X28: 46146 | Y28: 46136 | Z28: =IF(AND($Q28="",$H28=""),"",IF(OR($Q28="B",$Q28="C"),IF($Y28<>"",$Y28+7,IF($X28<>"",$X28+8,"")),IF($Q28="",IF(OR($H28="B",$H28="C"),IF($V28<>"",$V28+7,IF($U28<>"",$U28+8,""))),""))) -> 46143 | AA28: 46268 | AB28: =IF(OR($Q28="B",$Q28="C"),IF($Z28="","",IF($AA28="",IF($Z28>=$I$1,"In progress","Not submit yet"),IF($Z28>=$AA28,"Timely Response","Late Resubmission"))),"") -> Late Resubmission | AC28: =IF(AB28="Late Resubmission",IF(AA28="","",AA28-Z28),IF(AB28="Not submit yet",IF(Z28="","",$I$1-Z28),"")) -> 125 | AG28: =IF(AND(RIGHT($D28,1)>="A",RIGHT($D28,1)<="Z"),LEFT($D28,LEN($D28)-1),$D28) -> LTIA-5.10-VIETUR-80000-RFA-SDS-0394 | AH28: {=$D28=_xlfn.XLOOKUP( AG28, _xlfn._xlws.FILTER($AG$7:$AG$4869,$K$7:$K$4869<>"X"), _xlfn._xlws.FILTER($D$7:$D$4869,$K$7:$K$4869<>"X"), "", 0, -1 )} -> TRUE | AI28: =IF( AND( $AH28, OR($Q28="B",$Q28="C") ), "YES", "" ) -> YES
A29: =A28+1 -> 23 | B29: =MID(D29, FIND("-", D29) + 1, 4) -> 5.10 | C29: IMM | D29: LTIA-5.10-VIETUR-80000-RFA-SDS-0372 | E29: =IF($T29=0,$S29+22,$T29+21) -> 46035 | F29: Construction design drawing of ICT system – part.1: ICT systems for IMM Schematic Diagram Drawing. | G29: Bản vẽ TKTC cho hệ thống ICT – phần 1 – Hệ thống ICT cho SDNL Công An Cửa Khẩu | K29: X | L29: Link | M29: Link | R29: 45972 | S29: 45972 | T29: 46014 | Z29: =IF(AND($Q29="",$H29=""),"",IF(OR($Q29="B",$Q29="C"),IF($Y29<>"",$Y29+7,IF($X29<>"",$X29+8,"")),IF($Q29="",IF(OR($H29="B",$H29="C"),IF($V29<>"",$V29+7,IF($U29<>"",$U29+8,""))),""))) | AB29: =IF(OR($Q29="B",$Q29="C"),IF($Z29="","",IF($AA29="",IF($Z29>=$I$1,"In progress","Not submit yet"),IF($Z29>=$AA29,"Timely Response","Late Resubmission"))),"") | AC29: =IF(AB29="Late Resubmission",IF(AA29="","",AA29-Z29),IF(AB29="Not submit yet",IF(Z29="","",$I$1-Z29),"")) | AD29: 11/12/2025 Đã comments 12/23/2025 Update Withdraw | AG29: =IF(AND(RIGHT($D29,1)>="A",RIGHT($D29,1)<="Z"),LEFT($D29,LEN($D29)-1),$D29) -> LTIA-5.10-VIETUR-80000-RFA-SDS-0372 | AH29: {=$D29=_xlfn.XLOOKUP( AG29, _xlfn._xlws.FILTER($AG$7:$AG$4869,$K$7:$K$4869<>"X"), _xlfn._xlws.FILTER($D$7:$D$4869,$K$7:$K$4869<>"X"), "", 0, -1 )} -> TRUE | AI29: =IF( AND( $AH29, OR($Q29="B",$Q29="C") ), "YES", "" )
A30: =A29+1 -> 24 | B30: =MID(D30, FIND("-", D30) + 1, 4) -> 5.10 | C30: PAS | D30: LTIA-5.10-VIETUR-80000-RFA-SDS-0160B | E30: =IF($T30=0,$S30+22,$T30+21) -> 45993 | F30: Construction design drawing of ICT system – part.1: ICT systems for GF Level | G30: Bản vẽ TKTC cho hệ thống ICT – phần 1 – Hệ thống ICT cho tầng GF | H30: B | I30: =IF(ISBLANK($V30),_xlfn.DAYS($I$1,$T30),_xlfn.DAYS($V30,$T30)) -> 10 | J30: =IF(($I30-21)>0,$I30-21,0) -> 0 | L30: Link | M30: Link | N30: Link | O30: Link | P30: Link | Q30: B | R30: 45972 | S30: 45972 | T30: 45972 | U30: 45982 | V30: 45982 | W30: Mr Phong + Kuroda | X30: 45995 | Y30: 45999 | Z30: =IF(AND($Q30="",$H30=""),"",IF(OR($Q30="B",$Q30="C"),IF($Y30<>"",$Y30+7,IF($X30<>"",$X30+8,"")),IF($Q30="",IF(OR($H30="B",$H30="C"),IF($V30<>"",$V30+7,IF($U30<>"",$U30+8,""))),""))) -> 46006 | AB30: =IF(OR($Q30="B",$Q30="C"),IF($Z30="","",IF($AA30="",IF($Z30>=$I$1,"In progress","Not submit yet"),IF($Z30>=$AA30,"Timely Response","Late Resubmission"))),"") -> Not submit yet | AC30: =IF(AB30="Late Resubmission",IF(AA30="","",AA30-Z30),IF(AB30="Not submit yet",IF(Z30="","",$I$1-Z30),"")) -> 303 | AD30: 11/20/2025 Update Not have Link Response Date | AG30: =IF(AND(RIGHT($D30,1)>="A",RIGHT($D30,1)<="Z"),LEFT($D30,LEN($D30)-1),$D30) -> LTIA-5.10-VIETUR-80000-RFA-SDS-0160 | AH30: {=$D30=_xlfn.XLOOKUP( AG30, _xlfn._xlws.FILTER($AG$7:$AG$4869,$K$7:$K$4869<>"X"), _xlfn._xlws.FILTER($D$7:$D$4869,$K$7:$K$4869<>"X"), "", 0, -1 )} -> TRUE | AI30: =IF( AND( $AH30, OR($Q30="B",$Q30="C") ), "YES", "" ) -> YES
A31: =A30+1 -> 25 | B31: =MID(D31, FIND("-", D31) + 1, 4) -> 5.10 | C31: SCS | D31: LTIA-5.10-VIETUR-80000-RFA-SDS-0415 | E31: =IF($T31=0,$S31+22,$T31+21) -> 46162 | F31: Construction design drawing of ICT system – part.1: ICT systems for Power and Loop Cable Layout on Cable Tray | G31: Bản vẽ TKTC cho hệ thống ICT – phần 1 – Hệ thống ICT cho Bản Vẽ Dây Nguồn Và Dây Tín Hiệu Loop Trên Máng Cáp | H31: C | I31: =IF(ISBLANK($V31),_xlfn.DAYS($I$1,$T31),_xlfn.DAYS($V31,$T31)) -> 168 | J31: =IF(($I31-21)>0,$I31-21,0) -> 147 | L31: Link | M31: Link | R31: 46014 | S31: 46014 | T31: 46141 | Z31: =IF(AND($Q31="",$H31=""),"",IF(OR($Q31="B",$Q31="C"),IF($Y31<>"",$Y31+7,IF($X31<>"",$X31+8,"")),IF($Q31="",IF(OR($H31="B",$H31="C"),IF($V31<>"",$V31+7,IF($U31<>"",$U31+8,""))),""))) | AB31: =IF(OR($Q31="B",$Q31="C"),IF($Z31="","",IF($AA31="",IF($Z31>=$I$1,"In progress","Not submit yet"),IF($Z31>=$AA31,"Timely Response","Late Resubmission"))),"") | AC31: =IF(AB31="Late Resubmission",IF(AA31="","",AA31-Z31),IF(AB31="Not submit yet",IF(Z31="","",$I$1-Z31),"")) | AD31: 4/29/2026 Update 6/2/2026: Đã comments 6/5/2026: Đã ký C | AG31: =IF(AND(RIGHT($D31,1)>="A",RIGHT($D31,1)<="Z"),LEFT($D31,LEN($D31)-1),$D31) -> LTIA-5.10-VIETUR-80000-RFA-SDS-0415 | AH31: {=$D31=_xlfn.XLOOKUP( AG31, _xlfn._xlws.FILTER($AG$7:$AG$4869,$K$7:$K$4869<>"X"), _xlfn._xlws.FILTER($D$7:$D$4869,$K$7:$K$4869<>"X"), "", 0, -1 )} -> TRUE | AI31: =IF( AND( $AH31, OR($Q31="B",$Q31="C") ), "YES", "" )
A32: =A31+1 -> 26 | B32: =MID(D32, FIND("-", D32) + 1, 4) -> 5.10 | C32: DNE PAS | D32: LTIA-5.10-VIETUR-80000-RFA-SDS-0417 | E32: =IF($T32=0,$S32+22,$T32+21) -> 46048 | F32: Construction design drawing of ICT system – part.1: ICT systems for PAS Rack Cabinet Layout | G32: Bản vẽ TKTC cho hệ thống ICT – phần 1 – Hệ thống ICT cho Bản Vẽ Tủ Rack Hệ Thống Phát Thanh | H32: C | I32: =IF(ISBLANK($V32),_xlfn.DAYS($I$1,$T32),_xlfn.DAYS($V32,$T32)) -> 98 | J32: =IF(($I32-21)>0,$I32-21,0) -> 77 | L32: Link | M32: Link | N32: Link | O32: Link | P32: Link | Q32: C | R32: 46018 | S32: 46018 | T32: 46027 | U32: 46045 | V32: 46125 | W32: Mr Phong + Kuroda | X32: 46146 | Y32: 46136 | Z32: =IF(AND($Q32="",$H32=""),"",IF(OR($Q32="B",$Q32="C"),IF($Y32<>"",$Y32+7,IF($X32<>"",$X32+8,"")),IF($Q32="",IF(OR($H32="B",$H32="C"),IF($V32<>"",$V32+7,IF($U32<>"",$U32+8,""))),""))) -> 46143 | AA32: 46268 | AB32: =IF(OR($Q32="B",$Q32="C"),IF($Z32="","",IF($AA32="",IF($Z32>=$I$1,"In progress","Not submit yet"),IF($Z32>=$AA32,"Timely Response","Late Resubmission"))),"") -> Late Resubmission | AC32: =IF(AB32="Late Resubmission",IF(AA32="","",AA32-Z32),IF(AB32="Not submit yet",IF(Z32="","",$I$1-Z32),"")) -> 125 | AD32: 1/2/2026 Soft Update 1/8/2026: Đã comments | AG32: =IF(AND(RIGHT($D32,1)>="A",RIGHT($D32,1)<="Z"),LEFT($D32,LEN($D32)-1),$D32) -> LTIA-5.10-VIETUR-80000-RFA-SDS-0417 | AH32: {=$D32=_xlfn.XLOOKUP( AG32, _xlfn._xlws.FILTER($AG$7:$AG$4869,$K$7:$K$4869<>"X"), _xlfn._xlws.FILTER($D$7:$D$4869,$K$7:$K$4869<>"X"), "", 0, -1 )} -> FALSE | AI32: =IF( AND( $AH32, OR($Q32="B",$Q32="C") ), "YES", "" )
A33: =A32+1 -> 27 | B33: =MID(D33, FIND("-", D33) + 1, 4) -> 5.10 | D33: LTIA-5.10-VIETUR-80000-RFA-SDS-0428 | E33: =IF($T33=0,$S33+22,$T33+21) -> 46100 | F33: Coordination layout of Architecture, MEPF, TE for one 3F typical check-in island | G33: Bản vẽ mặt bằng phối hợp Kiến trúc, MEPF, TE cho một đảo check-in điển hình Lầu 3 | H33: C | I33: =IF(ISBLANK($V33),_xlfn.DAYS($I$1,$T33),_xlfn.DAYS($V33,$T33)) -> 20 | J33: =IF(($I33-21)>0,$I33-21,0) -> 0 | L33: Link | M33: Link | N33: Link | O33: Link | R33: 46051 | S33: 46051 | T33: 46079 | U33: 46093 | V33: 46099 | W33: Mr Aoki + Phong + Boe + Kuroda | Z33: =IF(AND($Q33="",$H33=""),"",IF(OR($Q33="B",$Q33="C"),IF($Y33<>"",$Y33+7,IF($X33<>"",$X33+8,"")),IF($Q33="",IF(OR($H33="B",$H33="C"),IF($V33<>"",$V33+7,IF($U33<>"",$U33+8,""))),""))) -> 46106 | AB33: =IF(OR($Q33="B",$Q33="C"),IF($Z33="","",IF($AA33="",IF($Z33>=$I$1,"In progress","Not submit yet"),IF($Z33>=$AA33,"Timely Response","Late Resubmission"))),"") | AC33: =IF(AB33="Late Resubmission",IF(AA33="","",AA33-Z33),IF(AB33="Not submit yet",IF(Z33="","",$I$1-Z33),"")) | AD33: 2/26/2026 Soft Update | AG33: =IF(AND(RIGHT($D33,1)>="A",RIGHT($D33,1)<="Z"),LEFT($D33,LEN($D33)-1),$D33) -> LTIA-5.10-VIETUR-80000-RFA-SDS-0428 | AH33: {=$D33=_xlfn.XLOOKUP( AG33, _xlfn._xlws.FILTER($AG$7:$AG$4869,$K$7:$K$4869<>"X"), _xlfn._xlws.FILTER($D$7:$D$4869,$K$7:$K$4869<>"X"), "", 0, -1 )} -> TRUE | AI33: =IF( AND( $AH33, OR($Q33="B",$Q33="C") ), "YES", "" )
A34: =A33+1 -> 28 | B34: =MID(D34, FIND("-", D34) + 1, 4) -> 5.11 | C34: DNE | D34: LTIA-5.11-LTICT-72020-RFA-SDS-0001 | F34: Request for Approval of Step 3 Detailed Design Drawings for the DNE System | G34: Kiến nghị phê duyệt bản vẽ Thiết kế bước 3 hệ thống DNE | K34: X | L34: Link | R34: 46199 | S34: 46199 | T34: 46199 | Z34: =IF(AND($Q34="",$H34=""),"",IF(OR($Q34="B",$Q34="C"),IF($Y34<>"",$Y34+7,IF($X34<>"",$X34+8,"")),IF($Q34="",IF(OR($H34="B",$H34="C"),IF($V34<>"",$V34+7,IF($U34<>"",$U34+8,""))),""))) | AB34: =IF(OR($Q34="B",$Q34="C"),IF($Z34="","",IF($AA34="",IF($Z34>=$I$1,"In progress","Not submit yet"),IF($Z34>=$AA34,"Timely Response","Late Resubmission"))),"") | AC34: =IF(AB34="Late Resubmission",IF(AA34="","",AA34-Z34),IF(AB34="Not submit yet",IF(Z34="","",$I$1-Z34),"")) | AD34: 2/26/2026 Soft Update 7/2/2026 Họp giao bang và trao đổi bản vẽ => sẽ withdraw và làm trước bản draft Check-in 1 7/5/2026 Withdraw | AG34: =IF(AND(RIGHT($D34,1)>="A",RIGHT($D34,1)<="Z"),LEFT($D34,LEN($D34)-1),$D34) -> LTIA-5.11-LTICT-72020-RFA-SDS-0001 | AH34: {=$D34=_xlfn.XLOOKUP( AG34, _xlfn._xlws.FILTER($AG$7:$AG$4869,$K$7:$K$4869<>"X"), _xlfn._xlws.FILTER($D$7:$D$4869,$K$7:$K$4869<>"X"), "", 0, -1 )} -> FALSE | AI34: =IF( AND( $AH34, OR($Q34="B",$Q34="C") ), "YES", "" )
A35: =A34+1 -> 29 | B35: =MID(D35, FIND("-", D35) + 1, 4) -> 5.10 | C35: PAS | D35: LTIA-5.10-VIETUR-80000-RFA-SDS-0417A | E35: =IF($T35=0,$S35+22,$T35+21) -> 46325 | F35: Construction design drawing of ICT system – part.1: ICT systems for PAS Rack Cabinet Layout | G35: Bản vẽ TKTC cho hệ thống ICT – phần 1 – Hệ thống ICT cho Bản Vẽ Tủ Rack Hệ Thống Phát Thanh | I35: =IF(ISBLANK($V35),_xlfn.DAYS($I$1,$T35),_xlfn.DAYS($V35,$T35)) -> 5 | J35: =IF(($I35-21)>0,$I35-21,0) -> 0 | L35: Link | R35: 46268 | S35: 46268 | T35: 46304 | Z35: =IF(AND($Q35="",$H35=""),"",IF(OR($Q35="B",$Q35="C"),IF($Y35<>"",$Y35+7,IF($X35<>"",$X35+8,"")),IF($Q35="",IF(OR($H35="B",$H35="C"),IF($V35<>"",$V35+7,IF($U35<>"",$U35+8,""))),""))) | AB35: =IF(OR($Q35="B",$Q35="C"),IF($Z35="","",IF($AA35="",IF($Z35>=$I$1,"In progress","Not submit yet"),IF($Z35>=$AA35,"Timely Response","Late Resubmission"))),"") | AC35: =IF(AB35="Late Resubmission",IF(AA35="","",AA35-Z35),IF(AB35="Not submit yet",IF(Z35="","",$I$1-Z35),"")) | AD35: 10/9/2026 Update | AG35: =IF(AND(RIGHT($D35,1)>="A",RIGHT($D35,1)<="Z"),LEFT($D35,LEN($D35)-1),$D35) -> LTIA-5.10-VIETUR-80000-RFA-SDS-0417 | AH35: {=$D35=_xlfn.XLOOKUP( AG35, _xlfn._xlws.FILTER($AG$7:$AG$4869,$K$7:$K$4869<>"X"), _xlfn._xlws.FILTER($D$7:$D$4869,$K$7:$K$4869<>"X"), "", 0, -1 )} -> TRUE | AI35: =IF( AND( $AH35, OR($Q35="B",$Q35="C") ), "YES", "" )
A36: =A35+1 -> 30 | B36: =MID(D36, FIND("-", D36) + 1, 4) -> 5.10 | C36: IMM | D36: LTIA-5.10-VIETUR-80000-RFA-SDS-0372 | E36: =IF($T36=0,$S36+22,$T36+21) -> 46302 | F36: Construction design drawing of ICT system – part.1: ICT systems for IMM Schematic Diagram Drawing | G36: Bản vẽ TKTC cho hệ thống ICT – phần 1 – Hệ thống ICT cho SDNL Công An Cửa Khẩu - Hải Quan | H36: C | I36: =IF(ISBLANK($V36),_xlfn.DAYS($I$1,$T36),_xlfn.DAYS($V36,$T36)) -> 19 | J36: =IF(($I36-21)>0,$I36-21,0) -> 0 | L36: Link | N36: Link | R36: 46281 | S36: 46281 | T36: 46281 | U36: 46293 | V36: 46300 | W36: Mr Cường + Kuroda | Z36: =IF(AND($Q36="",$H36=""),"",IF(OR($Q36="B",$Q36="C"),IF($Y36<>"",$Y36+7,IF($X36<>"",$X36+8,"")),IF($Q36="",IF(OR($H36="B",$H36="C"),IF($V36<>"",$V36+7,IF($U36<>"",$U36+8,""))),""))) -> 46307 | AB36: =IF(OR($Q36="B",$Q36="C"),IF($Z36="","",IF($AA36="",IF($Z36>=$I$1,"In progress","Not submit yet"),IF($Z36>=$AA36,"Timely Response","Late Resubmission"))),"") | AC36: =IF(AB36="Late Resubmission",IF(AA36="","",AA36-Z36),IF(AB36="Not submit yet",IF(Z36="","",$I$1-Z36),"")) | AD36: 9/30/2026 Đã ký C | AG36: =IF(AND(RIGHT($D36,1)>="A",RIGHT($D36,1)<="Z"),LEFT($D36,LEN($D36)-1),$D36) -> LTIA-5.10-VIETUR-80000-RFA-SDS-0372 | AH36: {=$D36=_xlfn.XLOOKUP( AG36, _xlfn._xlws.FILTER($AG$7:$AG$4869,$K$7:$K$4869<>"X"), _xlfn._xlws.FILTER($D$7:$D$4869,$K$7:$K$4869<>"X"), "", 0, -1 )} -> TRUE | AI36: =IF( AND( $AH36, OR($Q36="B",$Q36="C") ), "YES", "" )
A37: =A36+1 -> 31 | B37: =MID(D37, FIND("-", D37) + 1, 4) -> 5.10 | D37: LTIA-5.10-VIETUR-80000-RFA-SDS-0484 | E37: =IF($T37=0,$S37+22,$T37+21) -> 46302 | F37: Construction design drawing of ICT system – part.1: ICT systems for 1F, 2F Technical Room Drawing | G37: Bản vẽ TKTC cho hệ thống ICT – phần 1 – Hệ thống ICT cho Bản Vẽ Phòng Kỹ Thuật Tầng 1, 2 | H37: C | I37: =IF(ISBLANK($V37),_xlfn.DAYS($I$1,$T37),_xlfn.DAYS($V37,$T37)) -> 28 | J37: =IF(($I37-21)>0,$I37-21,0) -> 7 | L37: Link | R37: 46281 | S37: 46281 | T37: 46281 | W37: Mr Cường + Kuroda | Z37: =IF(AND($Q37="",$H37=""),"",IF(OR($Q37="B",$Q37="C"),IF($Y37<>"",$Y37+7,IF($X37<>"",$X37+8,"")),IF($Q37="",IF(OR($H37="B",$H37="C"),IF($V37<>"",$V37+7,IF($U37<>"",$U37+8,""))),""))) | AB37: =IF(OR($Q37="B",$Q37="C"),IF($Z37="","",IF($AA37="",IF($Z37>=$I$1,"In progress","Not submit yet"),IF($Z37>=$AA37,"Timely Response","Late Resubmission"))),"") | AC37: =IF(AB37="Late Resubmission",IF(AA37="","",AA37-Z37),IF(AB37="Not submit yet",IF(Z37="","",$I$1-Z37),"")) | AD37: 9/28/2026 Đã cmt và gửi cho CNC 9/29/2026 Đã ký C | AG37: =IF(AND(RIGHT($D37,1)>="A",RIGHT($D37,1)<="Z"),LEFT($D37,LEN($D37)-1),$D37) -> LTIA-5.10-VIETUR-80000-RFA-SDS-0484 | AH37: {=$D37=_xlfn.XLOOKUP( AG37, _xlfn._xlws.FILTER($AG$7:$AG$4869,$K$7:$K$4869<>"X"), _xlfn._xlws.FILTER($D$7:$D$4869,$K$7:$K$4869<>"X"), "", 0, -1 )} -> TRUE | AI37: =IF( AND( $AH37, OR($Q37="B",$Q37="C") ), "YES", "" )
